draw_date,winning_numbers,session
2022-02-01,604,Night
2022-02-02,136,Evening
2022-02-02,375,Midday
2022-02-02,805,Night
2022-02-03,564,Evening
2022-02-03,125,Midday
2022-02-03,606,Night
2022-02-04,371,Evening
2022-02-04,272,Midday
2022-02-04,176,Night
2022-02-05,900,Evening
2022-02-05,776,Midday
2022-02-05,254,Night
2022-02-06,228,Evening
2022-02-06,785,Midday
2022-02-06,415,Night
2022-02-07,745,Evening
2022-02-07,126,Midday
2022-02-07,487,Night
2022-02-08,479,Evening
2022-02-08,545,Midday
2022-02-08,235,Night
2022-02-09,590,Evening
2022-02-09,300,Midday
2022-02-09,222,Night
2022-02-10,201,Evening
2022-02-10,567,Midday
2022-02-10,509,Night
2022-02-11,026,Evening
2022-02-11,361,Midday
2022-02-11,504,Night
2022-02-12,177,Evening
2022-02-12,200,Midday
2022-02-12,723,Night
2022-02-13,844,Evening
2022-02-13,784,Midday
2022-02-13,845,Night
2022-02-14,280,Evening
2022-02-14,494,Midday
2022-02-14,126,Night
2022-02-15,235,Evening
2022-02-15,717,Midday
2022-02-15,798,Night
2022-02-16,685,Evening
2022-02-16,181,Midday
2022-02-16,027,Night
2022-02-17,916,Evening
2022-02-17,632,Midday
2022-02-17,042,Night
2022-02-18,866,Evening
2022-02-18,183,Midday
2022-02-18,886,Night
2022-02-19,583,Evening
2022-02-19,218,Midday
2022-02-19,934,Night
2022-02-20,726,Evening
2022-02-20,198,Midday
2022-02-20,339,Night
2022-02-21,024,Evening
2022-02-21,565,Midday
2022-02-21,066,Night
2022-02-22,920,Evening
2022-02-22,408,Midday
2022-02-22,247,Night
2022-02-23,033,Evening
2022-02-23,633,Midday
2022-02-23,875,Night
2022-02-24,163,Evening
2022-02-24,333,Midday
2022-02-24,742,Night
2022-02-25,623,Evening
2022-02-25,038,Midday
2022-02-25,823,Night
2022-02-26,934,Evening
2022-02-26,630,Midday
2022-02-26,796,Night
2022-02-27,753,Evening
2022-02-27,876,Midday
2022-02-27,323,Night
2022-02-28,794,Evening
2022-02-28,766,Midday
2022-02-28,625,Night
2022-03-01,399,Evening
2022-03-01,431,Midday
2022-03-01,527,Night
2022-03-02,103,Evening
2022-03-02,639,Midday
2022-03-02,946,Night
2022-03-03,437,Evening
2022-03-03,968,Midday
2022-03-03,937,Night
2022-03-04,212,Evening
2022-03-04,177,Midday
2022-03-04,613,Night
2022-03-05,846,Evening
2022-03-05,424,Midday
2022-03-05,429,Night
2022-03-06,223,Evening
2022-03-06,917,Midday
2022-03-06,307,Night
2022-03-07,595,Evening
2022-03-07,350,Midday
2022-03-07,753,Night
2022-03-08,736,Evening
2022-03-08,091,Midday
2022-03-08,990,Night
2022-03-09,090,Evening
2022-03-09,488,Midday
2022-03-09,567,Night
2022-03-10,341,Evening
2022-03-10,501,Midday
2022-03-10,834,Night
2022-03-11,979,Evening
2022-03-11,847,Midday
2022-03-11,031,Night
2022-03-12,978,Evening
2022-03-12,904,Midday
2022-03-12,643,Night
2022-03-13,260,Evening
2022-03-13,151,Midday
2022-03-13,016,Night
2022-03-14,036,Evening
2022-03-14,356,Midday
2022-03-14,251,Night
2022-03-15,327,Evening
2022-03-15,272,Midday
2022-03-15,843,Night
2022-03-16,614,Evening
2022-03-16,354,Midday
2022-03-16,178,Night
2022-03-17,271,Evening
2022-03-17,599,Midday
2022-03-17,481,Night
2022-03-18,989,Evening
2022-03-18,030,Midday
2022-03-18,097,Night
2022-03-19,907,Evening
2022-03-19,516,Midday
2022-03-19,544,Night
2022-03-20,411,Evening
2022-03-20,123,Midday
2022-03-20,290,Night
2022-03-21,245,Evening
2022-03-21,954,Midday
2022-03-21,845,Night
2022-03-22,714,Evening
2022-03-22,882,Midday
2022-03-22,974,Night
2022-03-23,292,Evening
2022-03-23,309,Midday
2022-03-23,951,Night
2022-03-24,650,Evening
2022-03-24,022,Midday
2022-03-24,090,Night
2022-03-25,255,Evening
2022-03-25,537,Midday
2022-03-25,057,Night
2022-03-26,293,Evening
2022-03-26,882,Midday
2022-03-26,978,Night
2022-03-27,277,Evening
2022-03-27,781,Midday
2022-03-27,227,Night
2022-03-28,039,Evening
2022-03-28,418,Midday
2022-03-28,117,Night
2022-03-29,573,Evening
2022-03-29,222,Midday
2022-03-29,947,Night
2022-03-30,979,Evening
2022-03-30,772,Midday
2022-03-30,692,Night
2022-03-31,766,Evening
2022-03-31,040,Midday
2022-03-31,458,Night
2022-04-01,065,Evening
2022-04-01,989,Midday
2022-04-01,626,Night
2022-04-02,946,Evening
2022-04-02,230,Midday
2022-04-02,565,Night
2022-04-03,312,Evening
2022-04-03,817,Midday
2022-04-03,794,Night
2022-04-04,074,Evening
2022-04-04,629,Midday
2022-04-04,135,Night
2022-04-05,829,Evening
2022-04-05,033,Midday
2022-04-05,922,Night
2022-04-06,258,Evening
2022-04-06,248,Midday
2022-04-06,041,Night
2022-04-07,770,Evening
2022-04-07,263,Midday
2022-04-07,296,Night
2022-04-08,606,Evening
2022-04-08,610,Midday
2022-04-08,323,Night
2022-04-09,355,Evening
2022-04-09,003,Midday
2022-04-09,637,Night
2022-04-10,780,Evening
2022-04-10,908,Midday
2022-04-10,342,Night
2022-04-11,628,Evening
2022-04-11,955,Midday
2022-04-11,880,Night
2022-04-12,632,Evening
2022-04-12,557,Midday
2022-04-12,140,Night
2022-04-13,980,Evening
2022-04-13,066,Midday
2022-04-13,133,Night
2022-04-14,077,Evening
2022-04-14,191,Midday
2022-04-14,848,Night
2022-04-15,000,Evening
2022-04-15,523,Midday
2022-04-15,645,Night
2022-04-16,747,Evening
2022-04-16,333,Midday
2022-04-16,445,Night
2022-04-17,246,Evening
2022-04-17,309,Midday
2022-04-17,552,Night
2022-04-18,113,Evening
2022-04-18,551,Midday
2022-04-18,041,Night
2022-04-19,833,Evening
2022-04-19,800,Midday
2022-04-19,907,Night
2022-04-20,607,Evening
2022-04-20,194,Midday
2022-04-20,815,Night
2022-04-21,199,Evening
2022-04-21,098,Midday
2022-04-21,024,Night
2022-04-22,627,Evening
2022-04-22,204,Midday
2022-04-22,770,Night
2022-04-23,232,Evening
2022-04-23,736,Midday
2022-04-23,014,Night
2022-04-24,924,Evening
2022-04-24,754,Midday
2022-04-24,943,Night
2022-04-25,983,Evening
2022-04-25,077,Midday
2022-04-25,807,Night
2022-04-26,499,Evening
2022-04-26,185,Midday
2022-04-26,237,Night
2022-04-27,220,Evening
2022-04-27,839,Midday
2022-04-27,766,Night
2022-04-28,675,Evening
2022-04-28,817,Midday
2022-04-28,148,Night
2022-04-29,084,Evening
2022-04-29,744,Midday
2022-04-29,234,Night
2022-04-30,061,Evening
2022-04-30,871,Midday
2022-04-30,519,Night
2022-05-01,412,Evening
2022-05-01,277,Midday
2022-05-01,585,Night
2022-05-02,510,Evening
2022-05-02,503,Midday
2022-05-02,355,Night
2022-05-03,450,Evening
2022-05-03,503,Midday
2022-05-03,675,Night
2022-05-04,015,Evening
2022-05-04,762,Midday
2022-05-04,904,Night
2022-05-05,512,Evening
2022-05-05,957,Midday
2022-05-05,784,Night
2022-05-06,632,Evening
2022-05-06,621,Midday
2022-05-06,862,Night
2022-05-07,010,Evening
2022-05-07,961,Midday
2022-05-07,635,Night
2022-05-08,584,Evening
2022-05-08,588,Midday
2022-05-08,337,Night
2022-05-09,748,Evening
2022-05-09,038,Midday
2022-05-09,818,Night
2022-05-10,643,Evening
2022-05-10,904,Midday
2022-05-10,689,Night
2022-05-11,602,Evening
2022-05-11,396,Midday
2022-05-11,522,Night
2022-05-12,620,Evening
2022-05-12,495,Midday
2022-05-12,131,Night
2022-05-13,552,Evening
2022-05-13,158,Midday
2022-05-13,045,Night
2022-05-14,876,Evening
2022-05-14,584,Midday
2022-05-14,304,Night
2022-05-15,556,Evening
2022-05-15,401,Midday
2022-05-15,771,Night
2022-05-16,785,Evening
2022-05-16,246,Midday
2022-05-16,117,Night
2022-05-17,888,Evening
2022-05-17,107,Midday
2022-05-17,684,Night
2022-05-18,665,Evening
2022-05-18,897,Midday
2022-05-18,831,Night
2022-05-19,189,Evening
2022-05-19,547,Midday
2022-05-19,424,Night
2022-05-20,809,Evening
2022-05-20,647,Midday
2022-05-20,405,Night
2022-05-21,194,Evening
2022-05-21,841,Midday
2022-05-21,788,Night
2022-05-22,306,Evening
2022-05-22,042,Midday
2022-05-22,120,Night
2022-05-23,130,Evening
2022-05-23,098,Midday
2022-05-23,243,Night
2022-05-24,704,Evening
2022-05-24,960,Midday
2022-05-24,015,Night
2022-05-25,618,Evening
2022-05-25,970,Midday
2022-05-25,291,Night
2022-05-26,739,Evening
2022-05-26,739,Midday
2022-05-26,505,Night
2022-05-27,693,Evening
2022-05-27,052,Midday
2022-05-27,411,Night
2022-05-28,861,Evening
2022-05-28,606,Midday
2022-05-28,928,Night
2022-05-29,118,Evening
2022-05-29,769,Midday
2022-05-29,504,Night
2022-05-30,619,Evening
2022-05-30,268,Midday
2022-05-30,928,Night
2022-05-31,649,Evening
2022-05-31,500,Midday
2022-05-31,698,Night
2022-06-01,632,Evening
2022-06-01,856,Midday
2022-06-01,877,Night
2022-06-02,607,Evening
2022-06-02,009,Midday
2022-06-02,497,Night
2022-06-03,039,Evening
2022-06-03,461,Midday
2022-06-03,936,Night
2022-06-04,605,Evening
2022-06-04,242,Midday
2022-06-04,368,Night
2022-06-05,383,Evening
2022-06-05,410,Midday
2022-06-05,457,Night
2022-06-06,837,Evening
2022-06-06,228,Midday
2022-06-06,815,Night
2022-06-07,537,Evening
2022-06-07,747,Midday
2022-06-07,577,Night
2022-06-08,141,Evening
2022-06-08,490,Midday
2022-06-08,417,Night
2022-06-09,436,Evening
2022-06-09,575,Midday
2022-06-09,878,Night
2022-06-10,695,Evening
2022-06-10,853,Midday
2022-06-10,920,Night
2022-06-11,845,Evening
2022-06-11,912,Midday
2022-06-11,437,Night
2022-06-12,264,Evening
2022-06-12,331,Midday
2022-06-12,496,Night
2022-06-13,147,Evening
2022-06-13,299,Midday
2022-06-13,785,Night
2022-06-14,489,Evening
2022-06-14,867,Midday
2022-06-14,863,Night
2022-06-15,493,Evening
2022-06-15,283,Midday
2022-06-15,777,Night
2022-06-16,062,Evening
2022-06-16,968,Midday
2022-06-16,343,Night
2022-06-17,707,Evening
2022-06-17,566,Midday
2022-06-17,326,Night
2022-06-18,483,Evening
2022-06-18,459,Midday
2022-06-18,912,Night
2022-06-19,613,Evening
2022-06-19,997,Midday
2022-06-19,974,Night
2022-06-20,796,Evening
2022-06-20,523,Midday
2022-06-20,987,Night
2022-06-21,728,Evening
2022-06-21,010,Midday
2022-06-21,952,Night
2022-06-22,927,Evening
2022-06-22,244,Midday
2022-06-22,807,Night
2022-06-23,008,Evening
2022-06-23,534,Midday
2022-06-23,928,Night
2022-06-24,414,Evening
2022-06-24,747,Midday
2022-06-24,989,Night
2022-06-25,880,Evening
2022-06-25,845,Midday
2022-06-25,905,Night
2022-06-26,411,Evening
2022-06-26,288,Midday
2022-06-26,761,Night
2022-06-27,918,Evening
2022-06-27,520,Midday
2022-06-27,507,Night
2022-06-28,816,Evening
2022-06-28,452,Midday
2022-06-28,753,Night
2022-06-29,574,Evening
2022-06-29,977,Midday
2022-06-29,726,Night
2022-06-30,880,Evening
2022-06-30,840,Midday
2022-06-30,604,Night
2022-07-01,606,Evening
2022-07-01,119,Midday
2022-07-01,416,Night
2022-07-02,571,Evening
2022-07-02,955,Midday
2022-07-02,503,Night
2022-07-03,597,Evening
2022-07-03,180,Midday
2022-07-03,725,Night
2022-07-04,836,Evening
2022-07-04,603,Midday
2022-07-04,370,Night
2022-07-05,468,Evening
2022-07-05,276,Midday
2022-07-05,687,Night
2022-07-06,228,Evening
2022-07-06,928,Midday
2022-07-06,758,Night
2022-07-07,660,Evening
2022-07-07,293,Midday
2022-07-07,376,Night
2022-07-08,256,Evening
2022-07-08,912,Midday
2022-07-08,505,Night
2022-07-09,710,Evening
2022-07-09,925,Midday
2022-07-09,097,Night
2022-07-10,823,Evening
2022-07-10,743,Midday
2022-07-10,307,Night
2022-07-11,950,Evening
2022-07-11,660,Midday
2022-07-18,090,Evening
2022-07-18,090,Midday
2022-07-18,479,Night
2022-07-19,942,Evening
2022-07-19,258,Midday
2022-07-19,725,Night
2022-07-20,859,Evening
2022-07-20,846,Midday
2022-07-20,766,Night
2022-07-21,937,Evening
2022-07-21,821,Midday
2022-07-21,657,Night
2022-07-22,108,Evening
2022-07-22,340,Midday
2022-07-22,675,Night
2022-07-23,049,Evening
2022-07-23,085,Midday
2022-07-23,884,Night
2022-07-24,535,Evening
2022-07-24,037,Midday
2022-07-24,671,Night
2022-07-25,546,Evening
2022-07-25,408,Midday
2022-07-25,594,Night
2022-07-26,092,Evening
2022-07-26,748,Midday
2022-07-26,646,Night
2022-07-27,782,Evening
2022-07-27,915,Midday
2022-07-27,611,Night
2022-07-28,506,Evening
2022-07-28,045,Midday
2022-07-28,455,Night
2022-07-29,673,Evening
2022-07-29,835,Midday
2022-07-29,965,Night
2022-07-30,291,Evening
2022-07-30,529,Midday
2022-07-30,608,Night
2022-07-31,491,Evening
2022-07-31,998,Midday
2022-07-31,402,Night
2022-08-01,072,Evening
2022-08-01,984,Midday
2022-08-01,064,Night
2022-08-02,295,Evening
2022-08-02,269,Midday
2022-08-02,070,Night
2022-08-03,830,Evening
2022-08-03,793,Midday
2022-08-03,406,Night
2022-08-04,081,Evening
2022-08-04,137,Midday
2022-08-04,938,Night
2022-08-05,679,Evening
2022-08-05,083,Midday
2022-08-05,058,Night
2022-08-06,716,Evening
2022-08-06,395,Midday
2022-08-06,721,Night
2022-08-07,745,Evening
2022-08-07,287,Midday
2022-08-07,514,Night
2022-08-08,885,Evening
2022-08-08,344,Midday
2022-08-08,111,Night
2022-08-09,910,Evening
2022-08-09,544,Midday
2022-08-09,593,Night
2022-08-10,398,Evening
2022-08-10,736,Midday
2022-08-10,782,Night
2022-08-11,806,Evening
2022-08-11,590,Midday
2022-08-11,194,Night
2022-08-12,548,Evening
2022-08-12,996,Midday
2022-08-12,412,Night
2022-08-13,093,Evening
2022-08-13,833,Midday
2022-08-13,684,Night
2022-08-14,207,Evening
2022-08-14,930,Midday
2022-08-14,356,Night
2022-08-15,105,Evening
2022-08-15,713,Midday
2022-08-15,337,Night
2022-08-16,562,Evening
2022-08-16,360,Midday
2022-08-16,844,Night
2022-08-17,372,Evening
2022-08-17,805,Midday
2022-08-17,235,Night
2022-08-18,747,Evening
2022-08-18,902,Midday
2022-08-18,768,Night
2022-08-19,525,Evening
2022-08-19,919,Midday
2022-08-19,595,Night
2022-08-20,362,Evening
2022-08-20,434,Midday
2022-08-20,186,Night
2022-08-21,879,Evening
2022-08-21,049,Midday
2022-08-21,890,Night
2022-08-22,297,Evening
2022-08-22,438,Midday
2022-08-22,517,Night
2022-08-23,590,Evening
2022-08-23,114,Midday
2022-08-23,577,Night
2022-08-24,890,Evening
2022-08-24,982,Midday
2022-08-24,446,Night
2022-08-25,809,Evening
2022-08-25,345,Midday
2022-08-25,019,Night
2022-08-26,315,Evening
2022-08-26,486,Midday
2022-08-26,048,Night
2022-08-27,561,Evening
2022-08-27,279,Midday
2022-08-27,593,Night
2022-08-28,599,Evening
2022-08-28,532,Midday
2022-08-28,287,Night
2022-08-29,793,Evening
2022-08-29,877,Midday
2022-08-29,934,Night
2022-08-30,627,Evening
2022-08-30,082,Midday
2022-08-30,230,Night
2022-08-31,097,Evening
2022-08-31,734,Midday
2022-08-31,291,Night
2022-09-01,500,Evening
2022-09-01,039,Midday
2022-09-01,324,Night
2022-09-02,101,Evening
2022-09-02,461,Midday
2022-09-02,697,Night
2022-09-03,824,Evening
2022-09-03,314,Midday
2022-09-03,760,Night
2022-09-04,404,Evening
2022-09-04,767,Midday
2022-09-04,759,Night
2022-09-05,811,Evening
2022-09-05,460,Midday
2022-09-05,646,Night
2022-09-06,847,Evening
2022-09-06,050,Midday
2022-09-06,192,Night
2022-09-07,902,Evening
2022-09-07,273,Midday
2022-09-07,983,Night
2022-09-08,043,Evening
2022-09-08,065,Midday
2022-09-08,898,Night
2022-09-09,157,Evening
2022-09-09,919,Midday
2022-09-09,128,Night
2022-09-10,702,Evening
2022-09-10,147,Midday
2022-09-10,384,Night
2022-09-11,193,Evening
2022-09-11,717,Midday
2022-09-11,395,Night
2022-09-12,357,Evening
2022-09-12,596,Midday
2022-09-12,944,Night
2022-09-13,628,Evening
2022-09-13,249,Midday
2022-09-13,718,Night
2022-09-14,063,Evening
2022-09-14,608,Midday
2022-09-14,866,Night
2022-09-15,117,Evening
2022-09-15,407,Midday
2022-09-15,301,Night
2022-09-16,636,Evening
2022-09-16,088,Midday
2022-09-16,506,Night
2022-09-17,901,Evening
2022-09-17,498,Midday
2022-09-17,124,Night
2022-09-18,186,Evening
2022-09-18,414,Midday
2022-09-18,270,Night
2022-09-19,268,Evening
2022-09-19,882,Midday
2022-09-19,122,Night
2022-09-20,308,Evening
2022-09-20,605,Midday
2022-09-20,440,Night
2022-09-21,847,Evening
2022-09-21,617,Midday
2022-09-21,094,Night
2022-09-22,663,Evening
2022-09-22,277,Midday
2022-09-22,673,Night
2022-09-23,708,Evening
2022-09-23,602,Midday
2022-09-23,835,Night
2022-09-24,134,Evening
2022-09-24,066,Midday
2022-09-24,154,Night
2022-09-25,158,Evening
2022-09-25,699,Midday
2022-09-25,483,Night
2022-09-26,436,Evening
2022-09-26,242,Midday
2022-09-26,314,Night
2022-09-27,594,Evening
2022-09-27,975,Midday
2022-09-27,224,Night
2022-09-28,503,Evening
2022-09-28,842,Midday
2022-09-28,699,Night
2022-09-29,040,Evening
2022-09-29,816,Midday
2022-09-29,927,Night
2022-09-30,427,Evening
2022-09-30,613,Midday
2022-09-30,680,Night
2022-10-01,553,Evening
2022-10-01,216,Midday
2022-10-01,964,Night
2022-10-02,811,Evening
2022-10-02,681,Midday
2022-10-02,192,Night
2022-10-03,301,Evening
2022-10-03,357,Midday
2022-10-03,009,Night
2022-10-04,846,Evening
2022-10-04,255,Midday
2022-10-04,520,Night
2022-10-05,572,Evening
2022-10-05,882,Midday
2022-10-05,725,Night
2022-10-06,995,Evening
2022-10-06,239,Midday
2022-10-06,996,Night
2022-10-07,212,Evening
2022-10-07,382,Midday
2022-10-07,055,Night
2022-10-08,663,Evening
2022-10-08,397,Midday
2022-10-08,640,Night
2022-10-09,174,Evening
2022-10-09,144,Midday
2022-10-09,694,Night
2022-10-10,111,Evening
2022-10-10,983,Midday
2022-10-10,955,Night
2022-10-11,129,Evening
2022-10-11,193,Midday
2022-10-11,587,Night
2022-10-12,052,Evening
2022-10-12,926,Midday
2022-10-12,330,Night
2022-10-13,151,Evening
2022-10-13,439,Midday
2022-10-13,972,Night
2022-10-14,356,Evening
2022-10-14,148,Midday
2022-10-14,378,Night
2022-10-15,600,Evening
2022-10-15,844,Midday
2022-10-15,823,Night
2022-10-16,531,Evening
2022-10-16,873,Midday
2022-10-16,104,Night
2022-10-17,410,Evening
2022-10-17,856,Midday
2022-10-17,737,Night
2022-10-18,925,Evening
2022-10-18,175,Midday
2022-10-18,334,Night
2022-10-19,604,Evening
2022-10-19,182,Midday
2022-10-19,131,Night
2022-10-20,336,Evening
2022-10-20,825,Midday
2022-10-20,098,Night
2022-10-21,435,Evening
2022-10-21,239,Midday
2022-10-21,930,Night
2022-10-22,015,Evening
2022-10-22,457,Midday
2022-10-22,534,Night
2022-10-23,752,Evening
2022-10-23,822,Midday
2022-10-23,833,Night
2022-10-24,493,Evening
2022-10-24,254,Midday
2022-10-24,379,Night
2022-10-25,965,Evening
2022-10-25,976,Midday
2022-10-25,298,Night
2022-10-26,373,Evening
2022-10-26,948,Midday
2022-10-26,326,Night
2022-10-27,844,Evening
2022-10-27,484,Midday
2022-10-27,712,Night
2022-10-28,413,Evening
2022-10-28,643,Midday
2022-10-28,834,Night
2022-10-29,577,Evening
2022-10-29,692,Midday
2022-10-29,852,Night
2022-10-30,464,Evening
2022-10-30,706,Midday
2022-10-30,514,Night
2022-10-31,794,Evening
2022-10-31,317,Midday
2022-10-31,906,Night
2022-11-01,678,Evening
2022-11-01,701,Midday
2022-11-01,390,Night
2022-11-02,030,Evening
2022-11-02,954,Midday
2022-11-02,068,Night
2022-11-03,069,Evening
2022-11-03,335,Midday
2022-11-03,241,Night
2022-11-04,135,Evening
2022-11-04,271,Midday
2022-11-04,237,Night
2022-11-05,650,Evening
2022-11-05,265,Midday
2022-11-05,047,Night
2022-11-06,312,Evening
2022-11-06,988,Midday
2022-11-06,326,Night
2022-11-07,859,Evening
2022-11-07,604,Midday
2022-11-07,536,Night
2022-11-08,777,Evening
2022-11-08,336,Midday
2022-11-08,893,Night
2022-11-09,527,Evening
2022-11-09,009,Midday
2022-11-09,584,Night
2022-11-10,702,Evening
2022-11-10,890,Midday
2022-11-10,772,Night
2022-11-11,050,Evening
2022-11-11,767,Midday
2022-11-11,788,Night
2022-11-12,917,Evening
2022-11-12,972,Midday
2022-11-12,543,Night
2022-11-13,992,Evening
2022-11-13,502,Midday
2022-11-13,576,Night
2022-11-14,414,Evening
2022-11-14,334,Midday
2022-11-14,695,Night
2022-11-15,134,Evening
2022-11-15,808,Midday
2022-11-15,343,Night
2022-11-16,545,Evening
2022-11-16,761,Midday
2022-11-16,991,Night
2022-11-17,274,Evening
2022-11-17,255,Midday
2022-11-17,143,Night
2022-11-18,071,Evening
2022-11-18,064,Midday
2022-11-18,706,Night
2022-11-19,269,Evening
2022-11-19,116,Midday
2022-11-19,629,Night
2022-11-20,887,Evening
2022-11-20,107,Midday
2022-11-20,566,Night
2022-11-21,783,Evening
2022-11-21,760,Midday
2022-11-21,838,Night
2022-11-28,295,Night
2022-11-29,607,Evening
2022-11-29,406,Midday
2022-11-29,708,Night
2022-11-30,448,Evening
2022-11-30,763,Midday
2022-11-30,259,Night
2022-12-01,561,Evening
2022-12-01,157,Midday
2022-12-01,002,Night
2022-12-02,191,Evening
2022-12-02,289,Midday
2022-12-02,005,Night
2022-12-03,119,Evening
2022-12-03,159,Midday
2022-12-03,480,Night
2022-12-04,427,Evening
2022-12-04,507,Midday
2022-12-04,891,Night
2022-12-05,383,Evening
2022-12-05,079,Midday
2022-12-05,054,Night
2022-12-06,665,Evening
2022-12-06,071,Midday
2022-12-06,672,Night
2022-12-07,322,Evening
2022-12-07,151,Midday
2022-12-07,893,Night
2022-12-08,929,Evening
2022-12-08,853,Midday
2022-12-08,126,Night
2022-12-09,154,Evening
2022-12-09,359,Midday
2022-12-09,318,Night
2022-12-10,280,Evening
2022-12-10,842,Midday
2022-12-10,500,Night
2022-12-11,649,Evening
2022-12-11,641,Midday
2022-12-11,974,Night
2022-12-12,850,Evening
2022-12-12,518,Midday
2022-12-12,946,Night
2022-12-13,549,Evening
2022-12-13,928,Midday
2022-12-13,671,Night
2022-12-14,198,Evening
2022-12-14,943,Midday
2022-12-14,962,Night
2022-12-15,238,Evening
2022-12-15,507,Midday
2022-12-15,139,Night
2022-12-16,706,Evening
2022-12-16,394,Midday
2022-12-16,727,Night
2022-12-17,183,Evening
2022-12-17,710,Midday
2022-12-17,547,Night
2022-12-18,462,Evening
2022-12-18,059,Midday
2022-12-18,473,Night
2022-12-19,419,Evening
2022-12-19,837,Midday
2022-12-19,818,Night
2022-12-20,720,Evening
2022-12-20,994,Midday
2022-12-20,845,Night
2022-12-21,499,Evening
2022-12-21,921,Midday
2022-12-21,174,Night
2022-12-22,467,Evening
2022-12-22,541,Midday
2022-12-22,062,Night
2022-12-23,485,Evening
2022-12-23,885,Midday
2022-12-23,569,Night
2022-12-24,689,Evening
2022-12-24,925,Midday
2022-12-24,772,Night
2022-12-25,228,Evening
2022-12-25,104,Midday
2022-12-25,394,Night
2022-12-26,257,Evening
2022-12-26,481,Midday
2022-12-26,000,Night
2022-12-27,191,Evening
2022-12-27,085,Midday
2022-12-27,528,Night
2022-12-28,211,Evening
2022-12-28,511,Midday
2022-12-28,021,Night
2022-12-29,588,Evening
2022-12-29,689,Midday
2022-12-29,787,Night
2022-12-30,115,Evening
2022-12-30,432,Midday
2022-12-30,118,Night
2022-12-31,031,Evening
2022-12-31,755,Midday
2022-12-31,261,Night
2023-01-01,381,Evening
2023-01-01,158,Midday
2023-01-01,316,Night
2023-01-02,847,Evening
2023-01-02,616,Midday
2023-01-02,631,Night
2023-01-03,923,Evening
2023-01-03,488,Midday
2023-01-03,242,Night
2023-01-04,308,Evening
2023-01-04,122,Midday
2023-01-04,567,Night
2023-01-05,943,Evening
2023-01-05,826,Midday
2023-01-05,878,Night
2023-01-06,283,Evening
2023-01-06,042,Midday
2023-01-06,523,Night
2023-01-07,506,Evening
2023-01-07,711,Midday
2023-01-07,040,Night
2023-01-08,006,Evening
2023-01-08,624,Midday
2023-01-08,528,Night
2023-01-09,563,Evening
2023-01-09,744,Midday
2023-01-09,907,Night
2023-01-10,984,Evening
2023-01-10,904,Midday
2023-01-10,804,Night
2023-01-11,939,Evening
2023-01-11,568,Midday
2023-01-11,698,Night
2023-01-12,198,Evening
2023-01-12,250,Midday
2023-01-12,284,Night
2023-01-13,829,Evening
2023-01-13,783,Midday
2023-01-13,153,Night
2023-01-14,215,Evening
2023-01-14,607,Midday
2023-01-14,183,Night
2023-01-15,002,Evening
2023-01-15,034,Midday
2023-01-15,413,Night
2023-01-16,618,Evening
2023-01-16,858,Midday
2023-01-16,654,Night
2023-01-17,999,Evening
2023-01-17,029,Midday
2023-01-17,623,Night
2023-01-18,295,Evening
2023-01-18,840,Midday
2023-01-18,037,Night
2023-01-19,677,Evening
2023-01-19,000,Midday
2023-01-19,188,Night
2023-01-20,961,Evening
2023-01-20,593,Midday
2023-01-20,111,Night
2023-01-21,327,Evening
2023-01-21,787,Midday
2023-01-21,592,Night
2023-01-22,633,Evening
2023-01-22,141,Midday
2023-01-22,918,Night
2023-01-23,977,Evening
2023-01-23,126,Midday
2023-01-23,473,Night
2023-01-24,628,Evening
2023-01-24,560,Midday
2023-01-24,529,Night
2023-01-25,067,Evening
2023-01-25,642,Midday
2023-01-25,799,Night
2023-01-26,371,Evening
2023-01-26,932,Midday
2023-01-26,265,Night
2023-01-27,623,Evening
2023-01-27,451,Midday
2023-01-27,336,Night
2023-01-28,495,Evening
2023-01-28,976,Midday
2023-01-28,796,Night
2023-01-29,471,Evening
2023-01-29,954,Midday
2023-01-29,954,Night
2023-01-30,749,Evening
2023-01-30,044,Midday
2023-01-30,572,Night
2023-01-31,281,Evening
2023-01-31,797,Midday
2023-01-31,829,Night
2023-02-01,607,Evening
2023-02-01,348,Midday
2023-02-01,354,Night
2023-02-02,280,Evening
2023-02-02,936,Midday
2023-02-02,562,Night
2023-02-03,259,Evening
2023-02-03,685,Midday
2023-02-03,822,Night
2023-02-04,180,Evening
2023-02-04,954,Midday
2023-02-04,403,Night
2023-02-05,878,Evening
2023-02-05,635,Midday
2023-02-05,969,Night
2023-02-06,294,Evening
2023-02-06,399,Midday
2023-02-06,455,Night
2023-02-07,738,Evening
2023-02-07,964,Midday
2023-02-07,137,Night
2023-02-08,302,Evening
2023-02-08,144,Midday
2023-02-08,794,Night
2023-02-09,564,Evening
2023-02-09,403,Midday
2023-02-09,874,Night
2023-02-10,603,Evening
2023-02-10,022,Midday
2023-02-10,601,Night
2023-02-11,944,Evening
2023-02-11,357,Midday
2023-02-11,632,Night
2023-02-12,677,Evening
2023-02-12,343,Midday
2023-02-12,946,Night
2023-02-13,207,Evening
2023-02-13,947,Midday
2023-02-13,062,Night
2023-02-14,675,Evening
2023-02-14,867,Midday
2023-02-14,424,Night
2023-02-15,692,Evening
2023-02-15,625,Midday
2023-02-15,577,Night
2023-02-16,584,Evening
2023-02-16,269,Midday
2023-02-16,306,Night
2023-02-17,149,Evening
2023-02-17,083,Midday
2023-02-17,699,Night
2023-02-18,779,Evening
2023-02-18,566,Midday
2023-02-18,538,Night
2023-02-19,311,Evening
2023-02-19,890,Midday
2023-02-19,005,Night
2023-02-20,853,Evening
2023-02-20,547,Midday
2023-02-20,457,Night
2023-02-21,423,Evening
2023-02-21,038,Midday
2023-02-21,406,Night
2023-02-22,168,Evening
2023-02-22,385,Midday
2023-02-22,196,Night
2023-02-23,060,Evening
2023-02-23,245,Midday
2023-02-23,242,Night
2023-02-24,126,Evening
2023-02-24,096,Midday
2023-02-24,652,Night
2023-02-25,813,Evening
2023-02-25,166,Midday
2023-02-25,121,Night
2023-02-26,348,Evening
2023-02-26,896,Midday
2023-02-26,808,Night
2023-02-27,727,Evening
2023-02-27,938,Midday
2023-02-27,462,Night
2023-02-28,133,Evening
2023-02-28,643,Midday
2023-02-28,233,Night
2023-03-01,703,Evening
2023-03-01,669,Midday
2023-03-01,318,Night
2023-03-02,661,Evening
2023-03-02,880,Midday
2023-03-02,118,Night
2023-03-03,941,Evening
2023-03-03,289,Midday
2023-03-03,289,Night
2023-03-04,082,Evening
2023-03-04,337,Midday
2023-03-04,977,Night
2023-03-05,636,Evening
2023-03-05,938,Midday
2023-03-05,901,Night
2023-03-06,095,Evening
2023-03-06,340,Midday
2023-03-06,307,Night
2023-03-07,597,Evening
2023-03-07,689,Midday
2023-03-07,072,Night
2023-03-08,482,Evening
2023-03-08,391,Midday
2023-03-08,143,Night
2023-03-09,947,Evening
2023-03-09,248,Midday
2023-03-09,920,Night
2023-03-10,707,Evening
2023-03-10,256,Midday
2023-03-10,219,Night
2023-03-11,751,Evening
2023-03-11,422,Midday
2023-03-11,631,Night
2023-03-12,070,Evening
2023-03-12,951,Midday
2023-03-12,715,Night
2023-03-13,803,Evening
2023-03-13,198,Midday
2023-03-13,780,Night
2023-03-14,299,Evening
2023-03-14,826,Midday
2023-03-14,960,Night
2023-03-15,602,Evening
2023-03-15,127,Midday
2023-03-15,063,Night
2023-03-16,046,Evening
2023-03-16,215,Midday
2023-03-16,166,Night
2023-03-17,694,Evening
2023-03-17,377,Midday
2023-03-17,826,Night
2023-03-18,831,Evening
2023-03-18,826,Midday
2023-03-18,722,Night
2023-03-19,186,Evening
2023-03-19,684,Midday
2023-03-19,599,Night
2023-03-20,435,Evening
2023-03-20,446,Midday
2023-03-20,280,Night
2023-03-21,740,Evening
2023-03-21,337,Midday
2023-03-21,978,Night
2023-03-22,971,Evening
2023-03-22,601,Midday
2023-03-22,873,Night
2023-03-23,343,Evening
2023-03-23,261,Midday
2023-03-23,877,Night
2023-03-24,200,Evening
2023-03-24,775,Midday
2023-03-24,086,Night
2023-03-25,720,Evening
2023-03-25,187,Midday
2023-03-25,431,Night
2023-03-26,580,Evening
2023-03-26,418,Midday
2023-03-26,686,Night
2023-03-27,308,Evening
2023-03-27,626,Midday
2023-03-27,202,Night
2023-03-28,388,Evening
2023-03-28,766,Midday
2023-03-28,779,Night
2023-03-29,691,Evening
2023-03-29,038,Midday
2023-03-29,582,Night
2023-03-30,983,Evening
2023-03-30,133,Midday
2023-03-30,547,Night
2023-03-31,056,Evening
2023-03-31,325,Midday
2023-03-31,879,Night
2023-04-01,878,Evening
2023-04-01,273,Midday
2023-04-01,563,Night
2023-04-02,091,Evening
2023-04-02,540,Midday
2023-04-02,009,Night
2023-04-03,299,Evening
2023-04-03,671,Midday
2023-04-03,257,Night
2023-04-04,718,Evening
2023-04-04,755,Midday
2023-04-04,833,Night
2023-04-05,983,Evening
2023-04-05,661,Midday
2023-04-05,768,Night
2023-04-06,208,Evening
2023-04-06,083,Midday
2023-04-06,042,Night
2023-04-07,246,Evening
2023-04-07,597,Midday
2023-04-07,815,Night
2023-04-08,552,Evening
2023-04-08,294,Midday
2023-04-08,539,Night
2023-04-09,205,Evening
2023-04-09,408,Midday
2023-04-09,345,Night
2023-04-10,784,Evening
2023-04-10,968,Midday
2023-04-10,940,Night
2023-04-11,739,Evening
2023-04-11,526,Midday
2023-04-11,762,Night
2023-04-12,378,Evening
2023-04-12,795,Midday
2023-04-12,837,Night
2023-04-13,684,Evening
2023-04-13,051,Midday
2023-04-13,281,Night
2023-04-14,235,Evening
2023-04-14,140,Midday
2023-04-14,230,Night
2023-04-15,055,Evening
2023-04-15,215,Midday
2023-04-15,836,Night
2023-04-16,737,Evening
2023-04-16,477,Midday
2023-04-16,830,Night
2023-04-17,412,Evening
2023-04-17,125,Midday
2023-04-17,322,Night
2023-04-18,203,Evening
2023-04-18,798,Midday
2023-04-18,978,Night
2023-04-19,103,Evening
2023-04-19,337,Midday
2023-04-19,910,Night
2023-04-20,178,Evening
2023-04-20,743,Midday
2023-04-20,822,Night
2023-04-21,089,Evening
2023-04-21,580,Midday
2023-04-21,055,Night
2023-04-22,455,Evening
2023-04-22,206,Midday
2023-04-22,140,Night
2023-04-23,069,Evening
2023-04-23,248,Midday
2023-04-23,367,Night
2023-04-24,005,Evening
2023-04-24,432,Midday
2023-04-24,426,Night
2023-04-25,743,Evening
2023-04-25,568,Midday
2023-04-25,832,Night
2023-04-26,875,Evening
2023-04-26,074,Midday
2023-04-26,551,Night
2023-04-27,661,Evening
2023-04-27,460,Midday
2023-04-27,151,Night
2023-04-28,381,Evening
2023-04-28,628,Midday
2023-04-28,921,Night
2023-04-29,300,Evening
2023-04-29,222,Midday
2023-04-29,522,Night
2023-04-30,203,Evening
2023-04-30,302,Midday
2023-04-30,650,Night
2023-05-01,259,Evening
2023-05-01,213,Midday
2023-05-01,417,Night
2023-05-02,951,Evening
2023-05-02,160,Midday
2023-05-02,156,Night
2023-05-03,848,Evening
2023-05-03,292,Midday
2023-05-03,168,Night
2023-05-04,885,Evening
2023-05-04,125,Midday
2023-05-04,230,Night
2023-05-05,274,Evening
2023-05-05,866,Midday
2023-05-05,907,Night
2023-05-06,962,Evening
2023-05-06,819,Midday
2023-05-06,339,Night
2023-05-07,236,Evening
2023-05-07,957,Midday
2023-05-07,164,Night
2023-05-08,905,Evening
2023-05-08,398,Midday
2023-05-08,830,Night
2023-05-09,740,Evening
2023-05-09,690,Midday
2023-05-09,249,Night
2023-05-10,665,Evening
2023-05-10,628,Midday
2023-05-10,719,Night
2023-05-11,044,Evening
2023-05-11,888,Midday
2023-05-11,560,Night
2023-05-12,210,Evening
2023-05-12,001,Midday
2023-05-12,731,Night
2023-05-13,075,Evening
2023-05-13,131,Midday
2023-05-13,212,Night
2023-05-14,050,Evening
2023-05-14,728,Midday
2023-05-14,839,Night
2023-05-15,779,Evening
2023-05-15,458,Midday
2023-05-15,556,Night
2023-05-16,144,Evening
2023-05-16,892,Midday
2023-05-16,853,Night
2023-05-17,128,Evening
2023-05-17,368,Midday
2023-05-17,029,Night
2023-05-18,162,Evening
2023-05-18,781,Midday
2023-05-18,970,Night
2023-05-19,834,Evening
2023-05-19,349,Midday
2023-05-19,392,Night
2023-05-20,240,Evening
2023-05-20,250,Midday
2023-05-20,991,Night
2023-05-21,863,Evening
2023-05-21,434,Midday
2023-05-21,798,Night
2023-05-22,091,Evening
2023-05-22,671,Midday
2023-05-22,602,Night
2023-05-23,796,Evening
2023-05-23,643,Midday
2023-05-23,102,Night
2023-05-24,995,Evening
2023-05-24,048,Midday
2023-05-24,228,Night
2023-05-25,127,Evening
2023-05-25,115,Midday
2023-05-25,417,Night
2023-05-26,044,Evening
2023-05-26,076,Midday
2023-05-26,824,Night
2023-05-27,951,Evening
2023-05-27,531,Midday
2023-05-27,536,Night
2023-05-28,204,Evening
2023-05-28,914,Midday
2023-05-28,614,Night
2023-05-29,212,Evening
2023-05-29,197,Midday
2023-05-29,184,Night
2023-05-30,081,Evening
2023-05-30,646,Midday
2023-05-30,685,Night
2023-05-31,388,Evening
2023-05-31,442,Midday
2023-05-31,567,Night
2023-06-01,292,Evening
2023-06-01,498,Midday
2023-06-01,579,Night
2023-06-02,750,Evening
2023-06-02,240,Midday
2023-06-02,781,Night
2023-06-03,924,Evening
2023-06-03,974,Midday
2023-06-03,666,Night
2023-06-04,002,Evening
2023-06-04,531,Midday
2023-06-04,988,Night
2023-06-05,854,Evening
2023-06-05,188,Midday
2023-06-05,379,Night
2023-06-06,599,Evening
2023-06-06,051,Midday
2023-06-06,973,Night
2023-06-07,218,Evening
2023-06-07,126,Midday
2023-06-07,430,Night
2023-06-08,984,Evening
2023-06-08,847,Midday
2023-06-08,670,Night
2023-06-09,695,Evening
2023-06-09,720,Midday
2023-06-09,235,Night
2023-06-10,497,Evening
2023-06-10,602,Midday
2023-06-10,139,Night
2023-06-11,620,Evening
2023-06-11,144,Midday
2023-06-11,220,Night
2023-06-12,602,Evening
2023-06-12,666,Midday
2023-06-12,803,Night
2023-06-13,098,Evening
2023-06-13,965,Midday
2023-06-13,007,Night
2023-06-14,540,Evening
2023-06-14,359,Midday
2023-06-14,587,Night
2023-06-15,897,Evening
2023-06-15,209,Midday
2023-06-15,510,Night
2023-06-16,428,Evening
2023-06-16,499,Midday
2023-06-16,443,Night
2023-06-17,615,Evening
2023-06-17,637,Midday
2023-06-17,529,Night
2023-06-18,309,Evening
2023-06-18,425,Midday
2023-06-18,168,Night
2023-06-19,862,Evening
2023-06-19,179,Midday
2023-06-19,291,Night
2023-06-20,295,Evening
2023-06-20,325,Midday
2023-06-20,371,Night
2023-06-21,045,Evening
2023-06-21,512,Midday
2023-06-21,209,Night
2023-06-22,987,Evening
2023-06-22,331,Midday
2023-06-22,016,Night
2023-06-23,251,Evening
2023-06-23,022,Midday
2023-06-23,880,Night
2023-06-24,156,Evening
2023-06-24,717,Midday
2023-06-24,667,Night
2023-06-25,305,Evening
2023-06-25,452,Midday
2023-06-25,373,Night
2023-06-26,112,Evening
2023-06-26,106,Midday
2023-06-26,543,Night
2023-06-27,347,Evening
2023-06-27,200,Midday
2023-06-27,265,Night
2023-06-28,163,Evening
2023-06-28,955,Midday
2023-06-28,524,Night
2023-06-29,258,Evening
2023-06-29,276,Midday
2023-06-29,673,Night
2023-06-30,086,Evening
2023-06-30,559,Midday
2023-06-30,778,Night
2023-07-01,787,Evening
2023-07-01,657,Midday
2023-07-01,664,Night
2023-07-02,226,Evening
2023-07-02,072,Midday
2023-07-02,560,Night
2023-07-03,923,Evening
2023-07-03,223,Midday
2023-07-03,986,Night
2023-07-04,962,Evening
2023-07-04,005,Midday
2023-07-04,038,Night
2023-07-05,942,Evening
2023-07-05,257,Midday
2023-07-05,593,Night
2023-07-06,589,Evening
2023-07-06,230,Midday
2023-07-06,141,Night
2023-07-07,462,Evening
2023-07-07,323,Midday
2023-07-07,748,Night
2023-07-08,079,Evening
2023-07-08,234,Midday
2023-07-08,812,Night
2023-07-09,141,Evening
2023-07-09,673,Midday
2023-07-09,045,Night
2023-07-10,560,Evening
2023-07-10,491,Midday
2023-07-10,029,Night
2023-07-11,167,Evening
2023-07-11,058,Midday
2023-07-11,699,Night
2023-07-12,379,Evening
2023-07-12,773,Midday
2023-07-12,118,Night
2023-07-13,585,Evening
2023-07-13,406,Midday
2023-07-13,063,Night
2023-07-14,683,Evening
2023-07-14,433,Midday
2023-07-14,385,Night
2023-07-15,593,Evening
2023-07-15,077,Midday
2023-07-15,356,Night
2023-07-16,407,Evening
2023-07-16,488,Midday
2023-07-16,043,Night
2023-07-17,932,Evening
2023-07-17,976,Midday
2023-07-17,235,Night
2023-07-18,358,Evening
2023-07-18,428,Midday
2023-07-18,455,Night
2023-07-19,453,Evening
2023-07-19,689,Midday
2023-07-19,667,Night
2023-07-20,878,Evening
2023-07-20,677,Midday
2023-07-20,428,Night
2023-07-21,939,Evening
2023-07-21,935,Midday
2023-07-21,429,Night
2023-07-22,986,Evening
2023-07-22,962,Midday
2023-07-22,061,Night
2023-07-23,992,Evening
2023-07-23,942,Midday
2023-07-23,344,Night
2023-07-24,292,Evening
2023-07-24,880,Midday
2023-07-24,018,Night
2023-07-25,120,Evening
2023-07-25,174,Midday
2023-07-25,432,Night
2023-07-26,090,Evening
2023-07-26,209,Midday
2023-07-26,849,Night
2023-07-27,465,Evening
2023-07-27,356,Midday
2023-07-27,604,Night
2023-07-28,141,Evening
2023-07-28,857,Midday
2023-07-28,159,Night
2023-07-29,082,Evening
2023-07-29,223,Midday
2023-07-29,057,Night
2023-07-30,892,Evening
2023-07-30,753,Midday
2023-07-30,338,Night
2023-07-31,300,Evening
2023-07-31,844,Midday
2023-07-31,049,Night
2023-08-01,020,Evening
2023-08-01,628,Midday
2023-08-01,562,Night
2023-08-02,106,Evening
2023-08-02,944,Midday
2023-08-02,292,Night
2023-08-03,875,Evening
2023-08-03,908,Midday
2023-08-03,397,Night
2023-08-04,250,Evening
2023-08-04,952,Midday
2023-08-04,956,Night
2023-08-05,752,Evening
2023-08-05,671,Midday
2023-08-05,050,Night
2023-08-06,886,Evening
2023-08-06,959,Midday
2023-08-06,388,Night
2023-08-07,925,Evening
2023-08-07,009,Midday
2023-08-07,720,Night
2023-08-08,570,Evening
2023-08-08,534,Midday
2023-08-08,271,Night
2023-08-09,773,Evening
2023-08-09,513,Midday
2023-08-09,455,Night
2023-08-10,404,Evening
2023-08-10,668,Midday
2023-08-10,419,Night
2023-08-11,128,Evening
2023-08-11,952,Midday
2023-08-11,142,Night
2023-08-12,595,Evening
2023-08-12,372,Midday
2023-08-12,870,Night
2023-08-13,730,Evening
2023-08-13,769,Midday
2023-08-13,043,Night
2023-08-14,022,Evening
2023-08-14,301,Midday
2023-08-14,505,Night
2023-08-15,436,Evening
2023-08-15,085,Midday
2023-08-15,646,Night
2023-08-16,313,Evening
2023-08-16,513,Midday
2023-08-16,728,Night
2023-08-17,160,Evening
2023-08-17,614,Midday
2023-08-17,848,Night
2023-08-18,883,Evening
2023-08-18,569,Midday
2023-08-18,646,Night
2023-08-19,033,Evening
2023-08-19,543,Midday
2023-08-19,817,Night
2023-08-20,106,Evening
2023-08-20,037,Midday
2023-08-20,270,Night
2023-08-21,142,Evening
2023-08-21,604,Midday
2023-08-21,152,Night
2023-08-22,858,Evening
2023-08-22,386,Midday
2023-08-22,858,Night
2023-08-23,898,Evening
2023-08-23,309,Midday
2023-08-23,931,Night
2023-08-24,875,Evening
2023-08-24,907,Midday
2023-08-24,392,Night
2023-08-25,654,Evening
2023-08-25,443,Midday
2023-08-25,669,Night
2023-08-26,079,Evening
2023-08-26,022,Midday
2023-08-26,014,Night
2023-08-27,712,Evening
2023-08-27,045,Midday
2023-08-27,837,Night
2023-08-28,489,Evening
2023-08-28,758,Midday
2023-08-28,123,Night
2023-08-29,449,Evening
2023-08-29,424,Midday
2023-08-29,578,Night
2023-08-30,833,Evening
2023-08-30,104,Midday
2023-08-30,659,Night
2023-08-31,660,Evening
2023-08-31,763,Midday
2023-08-31,166,Night
2023-09-01,173,Evening
2023-09-01,479,Midday
2023-09-01,599,Night
2023-09-02,044,Evening
2023-09-02,867,Midday
2023-09-02,973,Night
2023-09-03,359,Evening
2023-09-03,596,Midday
2023-09-03,795,Night
2023-09-04,282,Evening
2023-09-04,213,Midday
2023-09-04,469,Night
2023-09-05,120,Evening
2023-09-05,174,Midday
2023-09-05,335,Night
2023-09-06,150,Evening
2023-09-06,978,Midday
2023-09-06,867,Night
2023-09-07,056,Evening
2023-09-07,702,Midday
2023-09-07,252,Night
2023-09-08,326,Evening
2023-09-08,344,Midday
2023-09-08,120,Night
2023-09-09,922,Evening
2023-09-09,462,Midday
2023-09-09,715,Night
2023-09-10,304,Evening
2023-09-10,138,Midday
2023-09-10,178,Night
2023-09-11,029,Evening
2023-09-11,714,Midday
2023-09-11,609,Night
2023-09-12,268,Evening
2023-09-12,414,Midday
2023-09-12,330,Night
2023-09-13,159,Evening
2023-09-13,191,Midday
2023-09-13,332,Night
2023-09-14,190,Evening
2023-09-14,777,Midday
2023-09-14,571,Night
2023-09-15,118,Evening
2023-09-15,400,Midday
2023-09-15,650,Night
2023-09-16,732,Evening
2023-09-16,047,Midday
2023-09-16,903,Night
2023-09-17,870,Evening
2023-09-17,658,Midday
2023-09-17,711,Night
2023-09-18,792,Evening
2023-09-18,508,Midday
2023-09-18,566,Night
2023-09-19,921,Evening
2023-09-19,347,Midday
2023-09-19,026,Night
2023-09-20,398,Evening
2023-09-20,297,Midday
2023-09-20,793,Night
2023-09-21,410,Evening
2023-09-21,936,Midday
2023-09-21,091,Night
2023-09-22,808,Evening
2023-09-22,784,Midday
2023-09-22,449,Night
2023-09-23,437,Evening
2023-09-23,127,Midday
2023-09-23,803,Night
2023-09-24,244,Evening
2023-09-24,262,Midday
2023-09-24,696,Night
2023-09-25,923,Evening
2023-09-25,732,Midday
2023-09-25,916,Night
2023-09-26,337,Evening
2023-09-26,504,Midday
2023-09-26,129,Night
2023-09-27,534,Evening
2023-09-27,735,Midday
2023-09-27,039,Night
2023-09-28,349,Evening
2023-09-28,427,Midday
2023-09-28,963,Night
2023-09-29,896,Evening
2023-09-29,151,Midday
2023-09-29,774,Night
2023-09-30,911,Evening
2023-09-30,505,Midday
2023-09-30,711,Night
2023-10-01,646,Evening
2023-10-01,389,Midday
2023-10-01,510,Night
2023-10-02,376,Evening
2023-10-02,158,Midday
2023-10-02,398,Night
2023-10-03,454,Evening
2023-10-03,802,Midday
2023-10-03,934,Night
2023-10-04,302,Evening
2023-10-04,820,Midday
2023-10-04,118,Night
2023-10-05,820,Evening
2023-10-05,227,Midday
2023-10-05,100,Night
2023-10-06,452,Evening
2023-10-06,425,Midday
2023-10-06,331,Night
2023-10-07,389,Evening
2023-10-07,485,Midday
2023-10-07,349,Night
2023-10-08,821,Evening
2023-10-08,176,Midday
2023-10-08,790,Night
2023-10-09,744,Evening
2023-10-09,772,Midday
2023-10-09,317,Night
2023-10-10,830,Evening
2023-10-10,582,Midday
2023-10-10,486,Night
2023-10-11,426,Evening
2023-10-11,880,Midday
2023-10-11,386,Night
2023-10-12,829,Evening
2023-10-12,993,Midday
2023-10-12,217,Night
2023-10-13,722,Evening
2023-10-13,757,Midday
2023-10-13,958,Night
2023-10-14,677,Evening
2023-10-14,387,Midday
2023-10-14,555,Night
2023-10-15,935,Evening
2023-10-15,720,Midday
2023-10-15,632,Night
2023-10-16,085,Evening
2023-10-16,411,Midday
2023-10-16,765,Night
2023-10-17,636,Evening
2023-10-17,196,Midday
2023-10-17,783,Night
2023-10-18,315,Evening
2023-10-18,316,Midday
2023-10-18,869,Night
2023-10-19,835,Evening
2023-10-19,795,Midday
2023-10-19,973,Night
2023-10-20,934,Evening
2023-10-20,383,Midday
2023-10-20,116,Night
2023-10-21,097,Evening
2023-10-21,916,Midday
2023-10-21,791,Night
2023-10-22,681,Evening
2023-10-22,874,Midday
2023-10-22,999,Night
2023-10-23,293,Evening
2023-10-23,536,Midday
2023-10-23,769,Night
2023-10-24,287,Evening
2023-10-24,451,Midday
2023-10-24,860,Night
2023-10-25,042,Evening
2023-10-25,886,Midday
2023-10-25,536,Night
2023-10-26,537,Evening
2023-10-26,214,Midday
2023-10-26,820,Night
2023-10-27,287,Evening
2023-10-27,024,Midday
2023-10-27,398,Night
2023-10-28,670,Evening
2023-10-28,499,Midday
2023-10-28,348,Night
2023-10-29,359,Evening
2023-10-29,500,Midday
2023-10-29,026,Night
2023-10-30,132,Evening
2023-10-30,984,Midday
2023-10-30,237,Night
2023-10-31,866,Evening
2023-10-31,527,Midday
2023-10-31,571,Night
2023-11-01,684,Evening
2023-11-01,458,Midday
2023-11-01,641,Night
2023-11-02,429,Evening
2023-11-02,318,Midday
2023-11-02,184,Night
2023-11-03,484,Evening
2023-11-03,875,Midday
2023-11-03,386,Night
2023-11-04,099,Evening
2023-11-04,922,Midday
2023-11-04,084,Night
2023-11-05,988,Evening
2023-11-05,948,Midday
2023-11-05,068,Night
2023-11-06,489,Evening
2023-11-06,518,Midday
2023-11-06,958,Night
2023-11-07,656,Evening
2023-11-07,451,Midday
2023-11-07,490,Night
2023-11-08,113,Evening
2023-11-08,715,Midday
2023-11-08,079,Night
2023-11-09,843,Evening
2023-11-09,400,Midday
2023-11-09,823,Night
2023-11-10,632,Evening
2023-11-10,972,Midday
2023-11-10,371,Night
2023-11-11,613,Evening
2023-11-11,382,Midday
2023-11-11,319,Night
2023-11-12,134,Evening
2023-11-12,690,Midday
2023-11-12,643,Night
2023-11-13,124,Evening
2023-11-13,099,Midday
2023-11-13,016,Night
2023-11-14,694,Evening
2023-11-14,642,Midday
2023-11-14,831,Night
2023-11-15,315,Evening
2023-11-15,358,Midday
2023-11-15,035,Night
2023-11-16,944,Evening
2023-11-16,092,Midday
2023-11-16,485,Night
2023-11-17,541,Evening
2023-11-17,257,Midday
2023-11-17,065,Night
2023-11-18,846,Evening
2023-11-18,533,Midday
2023-11-18,440,Night
2023-11-19,608,Evening
2023-11-19,071,Midday
2023-11-19,821,Night
2023-11-20,903,Evening
2023-11-20,700,Midday
2023-11-20,833,Night
2023-11-21,914,Evening
2023-11-21,645,Midday
2023-11-21,305,Night
2023-11-22,172,Evening
2023-11-22,183,Midday
2023-11-22,590,Night
2023-11-23,361,Evening
2023-11-23,490,Midday
2023-11-23,349,Night
2023-11-24,459,Evening
2023-11-24,405,Midday
2023-11-24,247,Night
2023-11-25,733,Evening
2023-11-25,960,Midday
2023-11-25,583,Night
2023-11-26,396,Evening
2023-11-26,003,Midday
2023-11-26,917,Night
2023-11-27,225,Evening
2023-11-27,133,Midday
2023-11-27,071,Night
2023-11-28,992,Evening
2023-11-28,181,Midday
2023-11-28,560,Night
2023-11-29,590,Evening
2023-11-29,054,Midday
2023-11-29,297,Night
2023-11-30,926,Evening
2023-11-30,947,Midday
2023-11-30,931,Night
2023-12-01,695,Evening
2023-12-01,648,Midday
2023-12-01,835,Night
2023-12-02,196,Evening
2023-12-02,641,Midday
2023-12-02,623,Night
2023-12-03,140,Evening
2023-12-03,975,Midday
2023-12-03,321,Night
2023-12-04,279,Evening
2023-12-04,768,Midday
2023-12-04,631,Night
2023-12-05,535,Evening
2023-12-05,283,Midday
2023-12-05,070,Night
2023-12-06,720,Evening
2023-12-06,937,Midday
2023-12-06,381,Night
2023-12-07,055,Evening
2023-12-07,346,Midday
2023-12-07,208,Night
2023-12-08,998,Evening
2023-12-08,518,Midday
2023-12-08,644,Night
2023-12-09,747,Evening
2023-12-09,526,Midday
2023-12-09,027,Night
2023-12-10,823,Evening
2023-12-10,950,Midday
2023-12-10,035,Night
2023-12-11,219,Evening
2023-12-11,923,Midday
2023-12-11,849,Night
2023-12-12,959,Evening
2023-12-12,637,Midday
2023-12-12,068,Night
2023-12-13,367,Evening
2023-12-13,138,Midday
2023-12-13,687,Night
2023-12-14,939,Evening
2023-12-14,746,Midday
2023-12-14,358,Night
2023-12-15,686,Evening
2023-12-15,913,Midday
2023-12-15,650,Night
2023-12-16,508,Evening
2023-12-16,621,Midday
2023-12-16,806,Night
2023-12-17,902,Evening
2023-12-17,283,Midday
2023-12-17,667,Night
2023-12-18,987,Evening
2023-12-18,082,Midday
2023-12-18,149,Night
2023-12-19,426,Evening
2023-12-19,232,Midday
2023-12-19,578,Night
2023-12-20,735,Evening
2023-12-20,167,Midday
2023-12-20,984,Night
2023-12-21,089,Evening
2023-12-21,311,Midday
2023-12-21,173,Night
2023-12-22,142,Evening
2023-12-22,454,Midday
2023-12-22,482,Night
2023-12-23,154,Evening
2023-12-23,788,Midday
2023-12-23,242,Night
2023-12-24,574,Evening
2023-12-24,404,Midday
2023-12-24,975,Night
2023-12-25,425,Evening
2023-12-25,661,Midday
2023-12-25,403,Night
2023-12-26,094,Evening
2023-12-26,450,Midday
2023-12-26,019,Night
2023-12-27,771,Evening
2023-12-27,509,Midday
2023-12-27,558,Night
2023-12-28,095,Evening
2023-12-28,032,Midday
2023-12-28,246,Night
2023-12-29,653,Evening
2023-12-29,832,Midday
2023-12-29,648,Night
2023-12-30,823,Evening
2023-12-30,571,Midday
2023-12-30,217,Night
2023-12-31,990,Evening
2023-12-31,098,Midday
2023-12-31,158,Night
2024-01-01,990,Evening
2024-01-01,688,Midday
2024-01-01,343,Night
2024-01-02,374,Evening
2024-01-02,216,Midday
2024-01-02,867,Night
2024-01-03,647,Evening
2024-01-03,481,Midday
2024-01-03,824,Night
2024-01-04,049,Evening
2024-01-04,824,Midday
2024-01-04,738,Night
2024-01-05,341,Evening
2024-01-05,908,Midday
2024-01-05,848,Night
2024-01-06,455,Evening
2024-01-06,714,Midday
2024-01-06,235,Night
2024-01-07,453,Evening
2024-01-07,095,Midday
2024-01-07,682,Night
2024-01-08,465,Evening
2024-01-08,090,Midday
2024-01-08,274,Night
2024-01-09,622,Evening
2024-01-09,676,Midday
2024-01-09,775,Night
2024-01-10,664,Evening
2024-01-10,283,Midday
2024-01-10,287,Night
2024-01-11,512,Evening
2024-01-11,369,Midday
2024-01-11,602,Night
2024-01-12,952,Evening
2024-01-12,126,Midday
2024-01-12,627,Night
2024-01-13,107,Evening
2024-01-13,628,Midday
2024-01-13,405,Night
2024-01-14,120,Evening
2024-01-14,594,Midday
2024-01-14,445,Night
2024-01-15,806,Evening
2024-01-15,636,Midday
2024-01-15,807,Night
2024-01-16,923,Evening
2024-01-16,471,Midday
2024-01-16,718,Night
2024-01-17,985,Evening
2024-01-17,392,Midday
2024-01-17,410,Night
2024-01-18,435,Evening
2024-01-18,818,Midday
2024-01-18,064,Night
2024-01-19,509,Evening
2024-01-19,638,Midday
2024-01-19,808,Night
2024-01-20,390,Evening
2024-01-20,946,Midday
2024-01-20,860,Night
2024-01-21,313,Evening
2024-01-21,662,Midday
2024-01-21,153,Night
2024-01-22,363,Evening
2024-01-22,098,Midday
2024-01-22,780,Night
2024-01-23,771,Evening
2024-01-23,214,Midday
2024-01-23,104,Night
2024-01-24,252,Evening
2024-01-24,790,Midday
2024-01-24,117,Night
2024-01-25,466,Evening
2024-01-25,413,Midday
2024-01-25,911,Night
2024-01-26,124,Evening
2024-01-26,968,Midday
2024-01-26,841,Night
2024-01-27,399,Evening
2024-01-27,656,Midday
2024-01-27,074,Night
2024-01-28,126,Evening
2024-01-28,079,Midday
2024-01-28,634,Night
2024-01-29,297,Evening
2024-01-29,716,Midday
2024-01-29,582,Night
2024-01-30,851,Evening
2024-01-30,489,Midday
2024-01-30,216,Night
2024-01-31,418,Evening
2024-01-31,513,Midday
2024-01-31,891,Night
2024-02-01,724,Evening
2024-02-01,216,Midday
2024-02-01,427,Night
2024-02-02,306,Evening
2024-02-02,010,Midday
2024-02-02,902,Night
2024-02-03,250,Evening
2024-02-03,157,Midday
2024-02-03,254,Night
2024-02-04,645,Evening
2024-02-04,017,Midday
2024-02-04,567,Night
2024-02-05,602,Evening
2024-02-05,023,Midday
2024-02-05,679,Night
2024-02-06,431,Evening
2024-02-06,270,Midday
2024-02-06,689,Night
2024-02-07,991,Evening
2024-02-07,997,Midday
2024-02-07,372,Night
2024-02-08,076,Evening
2024-02-08,476,Midday
2024-02-08,488,Night
2024-02-09,427,Evening
2024-02-09,218,Midday
2024-02-09,497,Night
2024-02-10,645,Evening
2024-02-10,361,Midday
2024-02-10,059,Night
2024-02-11,383,Evening
2024-02-11,725,Midday
2024-02-11,775,Night
2024-02-12,750,Evening
2024-02-12,118,Midday
2024-02-12,181,Night
2024-02-13,557,Evening
2024-02-13,860,Midday
2024-02-13,123,Night
2024-02-14,635,Evening
2024-02-14,415,Midday
2024-02-14,084,Night
2024-02-15,351,Evening
2024-02-15,166,Midday
2024-02-15,634,Night
2024-02-16,833,Evening
2024-02-16,413,Midday
2024-02-16,271,Night
2024-02-17,570,Evening
2024-02-17,090,Midday
2024-02-17,282,Night
2024-02-18,907,Evening
2024-02-18,902,Midday
2024-02-18,881,Night
2024-02-19,902,Evening
2024-02-19,908,Midday
2024-02-19,691,Night
2024-02-20,357,Evening
2024-02-20,434,Midday
2024-02-20,260,Night
2024-02-21,699,Evening
2024-02-21,455,Midday
2024-02-21,323,Night
2024-02-22,636,Evening
2024-02-22,893,Midday
2024-02-22,803,Night
2024-02-23,656,Evening
2024-02-23,198,Midday
2024-02-23,760,Night
2024-02-24,539,Evening
2024-02-24,945,Midday
2024-02-24,879,Night
2024-02-25,347,Evening
2024-02-25,929,Midday
2024-02-25,579,Night
2024-02-26,251,Evening
2024-02-26,573,Midday
2024-02-26,967,Night
2024-02-27,981,Evening
2024-02-27,339,Midday
2024-02-27,243,Night
2024-02-28,337,Evening
2024-02-28,856,Midday
2024-02-28,061,Night
2024-02-29,606,Evening
2024-02-29,579,Midday
2024-02-29,815,Night
2024-03-01,683,Evening
2024-03-01,935,Midday
2024-03-01,428,Night
2024-03-02,371,Evening
2024-03-02,359,Midday
2024-03-02,439,Night
2024-03-03,751,Evening
2024-03-03,431,Midday
2024-03-03,870,Night
2024-03-04,239,Evening
2024-03-04,102,Midday
2024-03-04,370,Night
2024-03-05,903,Evening
2024-03-05,158,Midday
2024-03-05,259,Night
2024-03-06,262,Evening
2024-03-06,785,Midday
2024-03-06,954,Night
2024-03-07,330,Evening
2024-03-07,295,Midday
2024-03-07,226,Night
2024-03-08,370,Evening
2024-03-08,240,Midday
2024-03-08,231,Night
2024-03-09,140,Evening
2024-03-09,690,Midday
2024-03-09,832,Night
2024-03-10,343,Evening
2024-03-10,482,Midday
2024-03-10,960,Night
2024-03-11,016,Evening
2024-03-11,726,Midday
2024-03-11,888,Night
2024-03-12,013,Evening
2024-03-12,713,Midday
2024-03-12,514,Night
2024-03-13,464,Evening
2024-03-13,258,Midday
2024-03-13,473,Night
2024-03-14,514,Evening
2024-03-14,874,Midday
2024-03-14,718,Night
2024-03-15,104,Evening
2024-03-15,491,Midday
2024-03-15,299,Night
2024-03-16,719,Evening
2024-03-16,536,Midday
2024-03-16,334,Night
2024-03-17,076,Evening
2024-03-17,415,Midday
2024-03-17,697,Night
2024-03-18,077,Evening
2024-03-18,136,Midday
2024-03-18,437,Night
2024-03-19,108,Evening
2024-03-19,533,Midday
2024-03-19,968,Night
2024-03-20,031,Evening
2024-03-20,144,Midday
2024-03-20,913,Night
2024-03-21,968,Evening
2024-03-21,291,Midday
2024-03-21,103,Night
2024-03-22,014,Evening
2024-03-22,325,Midday
2024-03-22,494,Night
2024-03-23,209,Evening
2024-03-23,341,Midday
2024-03-23,594,Night
2024-03-24,062,Evening
2024-03-24,177,Midday
2024-03-24,499,Night
2024-03-25,664,Evening
2024-03-25,013,Midday
2024-03-25,915,Night
2024-03-26,354,Evening
2024-03-26,188,Midday
2024-03-26,098,Night
2024-03-27,921,Evening
2024-03-27,066,Midday
2024-03-27,542,Night
2024-03-28,793,Evening
2024-03-28,374,Midday
2024-03-28,699,Night
2024-03-29,606,Evening
2024-03-29,775,Midday
2024-03-29,283,Night
2024-03-30,733,Evening
2024-03-30,276,Midday
2024-03-30,349,Night
2024-03-31,675,Evening
2024-03-31,712,Midday
2024-03-31,570,Night
2024-04-01,808,Evening
2024-04-01,892,Midday
2024-04-01,279,Night
2024-04-02,123,Evening
2024-04-02,947,Midday
2024-04-02,402,Night
2024-04-03,889,Evening
2024-04-03,714,Midday
2024-04-03,663,Night
2024-04-04,040,Evening
2024-04-04,029,Midday
2024-04-04,158,Night
2024-04-05,275,Evening
2024-04-05,848,Midday
2024-04-05,139,Night
2024-04-06,177,Evening
2024-04-06,686,Midday
2024-04-06,135,Night
2024-04-07,932,Evening
2024-04-07,804,Midday
2024-04-07,235,Night
2024-04-08,954,Evening
2024-04-08,641,Midday
2024-04-08,467,Night
2024-04-09,448,Evening
2024-04-09,211,Midday
2024-04-09,837,Night
2024-04-10,594,Evening
2024-04-10,182,Midday
2024-04-10,180,Night
2024-04-11,231,Evening
2024-04-11,287,Midday
2024-04-11,620,Night
2024-04-12,121,Evening
2024-04-12,910,Midday
2024-04-12,472,Night
2024-04-13,025,Evening
2024-04-13,383,Midday
2024-04-13,153,Night
2024-04-14,404,Evening
2024-04-14,033,Midday
2024-04-14,485,Night
2024-04-15,238,Evening
2024-04-15,465,Midday
2024-04-15,144,Night
2024-04-16,924,Evening
2024-04-16,910,Midday
2024-04-16,859,Night
2024-04-17,217,Evening
2024-04-17,949,Midday
2024-04-17,018,Night
2024-04-18,847,Evening
2024-04-18,606,Midday
2024-04-18,439,Night
2024-04-19,160,Evening
2024-04-19,789,Midday
2024-04-19,619,Night
2024-04-20,922,Evening
2024-04-20,375,Midday
2024-04-20,002,Night
2024-04-21,320,Evening
2024-04-21,797,Midday
2024-04-21,085,Night
2024-04-22,368,Evening
2024-04-22,414,Midday
2024-04-22,990,Night
2024-04-23,995,Evening
2024-04-23,223,Midday
2024-04-23,537,Night
2024-04-24,526,Evening
2024-04-24,839,Midday
2024-04-24,097,Night
2024-04-25,746,Evening
2024-04-25,534,Midday
2024-04-25,291,Night
2024-04-26,811,Evening
2024-04-26,797,Midday
2024-04-26,360,Night
2024-04-27,545,Evening
2024-04-27,673,Midday
2024-04-27,061,Night
2024-04-28,731,Evening
2024-04-28,745,Midday
2024-04-28,143,Night
2024-04-29,986,Evening
2024-04-29,836,Midday
2024-04-29,133,Night
2024-04-30,417,Evening
2024-04-30,340,Midday
2024-04-30,195,Night
2024-05-01,979,Evening
2024-05-01,467,Midday
2024-05-01,933,Night
2024-05-02,913,Evening
2024-05-02,057,Midday
2024-05-02,959,Night
2024-05-03,216,Evening
2024-05-03,979,Midday
2024-05-03,424,Night
2024-05-04,748,Evening
2024-05-04,549,Midday
2024-05-04,812,Night
2024-05-05,258,Evening
2024-05-05,252,Midday
2024-05-05,296,Night
2024-05-06,618,Evening
2024-05-06,758,Midday
2024-05-06,820,Night
2024-05-07,795,Evening
2024-05-07,191,Midday
2024-05-07,859,Night
2024-05-08,419,Evening
2024-05-08,294,Midday
2024-05-08,751,Night
2024-05-09,282,Evening
2024-05-09,151,Midday
2024-05-09,115,Night
2024-05-10,933,Evening
2024-05-10,742,Midday
2024-05-10,866,Night
2024-05-11,248,Evening
2024-05-11,379,Midday
2024-05-11,901,Night
2024-05-12,128,Evening
2024-05-12,242,Midday
2024-05-12,300,Night
2024-05-13,934,Evening
2024-05-13,507,Midday
2024-05-13,486,Night
2024-05-14,985,Evening
2024-05-14,461,Midday
2024-05-14,634,Night
2024-05-15,573,Evening
2024-05-15,936,Midday
2024-05-15,994,Night
2024-05-16,528,Evening
2024-05-16,914,Midday
2024-05-16,171,Night
2024-05-17,841,Evening
2024-05-17,980,Midday
2024-05-17,557,Night
2024-05-18,023,Evening
2024-05-18,214,Midday
2024-05-18,812,Night
2024-05-19,046,Evening
2024-05-19,986,Midday
2024-05-19,152,Night
2024-05-20,091,Evening
2024-05-20,640,Midday
2024-05-20,413,Night
2024-05-21,473,Evening
2024-05-21,893,Midday
2024-05-21,638,Night
2024-05-22,730,Evening
2024-05-22,557,Midday
2024-05-22,399,Night
2024-05-23,739,Evening
2024-05-23,261,Midday
2024-05-23,757,Night
2024-05-24,592,Evening
2024-05-24,135,Midday
2024-05-24,777,Night
2024-05-25,643,Evening
2024-05-25,864,Midday
2024-05-25,125,Night
2024-05-26,236,Evening
2024-05-26,296,Midday
2024-05-26,697,Night
2024-05-27,833,Evening
2024-05-27,271,Midday
2024-05-27,920,Night
2024-05-28,995,Evening
2024-05-28,709,Midday
2024-05-28,548,Night
2024-05-29,479,Evening
2024-05-29,707,Midday
2024-05-29,411,Night
2024-05-30,816,Evening
2024-05-30,069,Midday
2024-05-30,890,Night
2024-05-31,242,Evening
2024-05-31,765,Midday
2024-05-31,758,Night
2024-06-01,161,Evening
2024-06-01,976,Midday
2024-06-01,327,Night
2024-06-02,522,Evening
2024-06-02,146,Midday
2024-06-02,996,Night
2024-06-03,053,Evening
2024-06-03,305,Midday
2024-06-03,536,Night
2024-06-04,434,Evening
2024-06-04,575,Midday
2024-06-04,883,Night
2024-06-05,469,Evening
2024-06-05,696,Midday
2024-06-05,201,Night
2024-06-06,089,Evening
2024-06-06,037,Midday
2024-06-06,375,Night
2024-06-07,963,Evening
2024-06-07,977,Midday
2024-06-07,319,Night
2024-06-08,212,Evening
2024-06-08,310,Midday
2024-06-08,682,Night
2024-06-09,551,Evening
2024-06-09,592,Midday
2024-06-09,803,Night
2024-06-10,818,Evening
2024-06-10,985,Midday
2024-06-10,971,Night
2024-06-11,654,Evening
2024-06-11,988,Midday
2024-06-11,041,Night
2024-06-12,361,Evening
2024-06-12,421,Midday
2024-06-12,365,Night
2024-06-13,755,Evening
2024-06-13,947,Midday
2024-06-13,306,Night
2024-06-14,729,Evening
2024-06-14,118,Midday
2024-06-14,240,Night
2024-06-15,174,Evening
2024-06-15,639,Midday
2024-06-15,208,Night
2024-06-16,427,Evening
2024-06-16,775,Midday
2024-06-16,738,Night
2024-06-17,224,Evening
2024-06-17,748,Midday
2024-06-17,799,Night
2024-06-18,001,Evening
2024-06-18,694,Midday
2024-06-18,508,Night
2024-06-19,350,Evening
2024-06-19,028,Midday
2024-06-19,653,Night
2024-06-20,911,Evening
2024-06-20,201,Midday
2024-06-20,455,Night
2024-06-21,744,Evening
2024-06-21,743,Midday
2024-06-21,411,Night
2024-06-22,456,Evening
2024-06-22,740,Midday
2024-06-22,638,Night
2024-06-23,660,Evening
2024-06-23,137,Midday
2024-06-23,268,Night
2024-06-24,305,Evening
2024-06-24,987,Midday
2024-06-24,589,Night
2024-06-25,471,Evening
2024-06-25,003,Midday
2024-06-25,688,Night
2024-06-26,789,Evening
2024-06-26,260,Midday
2024-06-26,816,Night
2024-06-27,777,Evening
2024-06-27,509,Midday
2024-06-27,062,Night
2024-06-28,891,Evening
2024-06-28,429,Midday
2024-06-28,302,Night
2024-06-29,177,Evening
2024-06-29,036,Midday
2024-06-29,586,Night
2024-06-30,771,Evening
2024-06-30,970,Midday
2024-06-30,135,Night
2024-07-01,938,Evening
2024-07-01,757,Midday
2024-07-01,671,Night
2024-07-02,220,Evening
2024-07-02,241,Midday
2024-07-02,774,Night
2024-07-03,557,Evening
2024-07-03,348,Midday
2024-07-03,182,Night
2024-07-04,336,Evening
2024-07-04,539,Midday
2024-07-04,352,Night
2024-07-05,436,Evening
2024-07-05,231,Midday
2024-07-05,416,Night
2024-07-06,702,Evening
2024-07-06,106,Midday
2024-07-06,505,Night
2024-07-07,167,Evening
2024-07-07,827,Midday
2024-07-07,097,Night
2024-07-08,083,Evening
2024-07-08,931,Midday
2024-07-08,434,Night
2024-07-09,189,Evening
2024-07-09,097,Midday
2024-07-09,904,Night
2024-07-10,686,Evening
2024-07-10,548,Midday
2024-07-10,983,Night
2024-07-11,728,Evening
2024-07-11,428,Midday
2024-07-11,860,Night
2024-07-12,428,Evening
2024-07-12,066,Midday
2024-07-12,459,Night
2024-07-13,252,Evening
2024-07-13,891,Midday
2024-07-13,874,Night
2024-07-14,873,Evening
2024-07-14,830,Midday
2024-07-14,510,Night
2024-07-15,729,Evening
2024-07-15,761,Midday
2024-07-15,983,Night
2024-07-16,338,Evening
2024-07-16,264,Midday
2024-07-16,073,Night
2024-07-17,799,Evening
2024-07-17,816,Midday
2024-07-17,297,Night
2024-07-18,666,Evening
2024-07-18,693,Midday
2024-07-18,039,Night
2024-07-19,906,Evening
2024-07-19,411,Midday
2024-07-19,847,Night
2024-07-20,985,Evening
2024-07-20,990,Midday
2024-07-20,450,Night
2024-07-21,779,Evening
2024-07-21,997,Midday
2024-07-21,707,Night
2024-07-22,082,Evening
2024-07-22,051,Midday
2024-07-22,588,Night
2024-07-23,692,Evening
2024-07-23,617,Midday
2024-07-23,082,Night
2024-07-24,940,Evening
2024-07-24,960,Midday
2024-07-24,805,Night
2024-07-25,010,Evening
2024-07-25,787,Midday
2024-07-25,675,Night
2024-07-26,008,Evening
2024-07-26,519,Midday
2024-07-26,957,Night
2024-07-27,619,Evening
2024-07-27,603,Midday
2024-07-27,126,Night
2024-07-28,706,Evening
2024-07-28,880,Midday
2024-07-28,995,Night
2024-07-29,580,Evening
2024-07-29,397,Midday
2024-07-29,136,Night
2024-07-30,331,Evening
2024-07-30,560,Midday
2024-07-30,905,Night
2024-07-31,616,Evening
2024-07-31,370,Midday
2024-07-31,302,Night
2024-08-01,613,Evening
2024-08-01,457,Midday
2024-08-01,900,Night
2024-08-02,770,Evening
2024-08-02,585,Midday
2024-08-02,212,Night
2024-08-03,818,Evening
2024-08-03,055,Midday
2024-08-03,055,Night
2024-08-04,824,Evening
2024-08-04,012,Midday
2024-08-04,086,Night
2024-08-05,601,Evening
2024-08-05,872,Midday
2024-08-05,590,Night
2024-08-06,433,Evening
2024-08-06,188,Midday
2024-08-06,539,Night
2024-08-07,155,Evening
2024-08-07,157,Midday
2024-08-07,202,Night
2024-08-08,608,Evening
2024-08-08,099,Midday
2024-08-08,290,Night
2024-08-09,540,Evening
2024-08-09,637,Midday
2024-08-09,344,Night
2024-08-10,237,Evening
2024-08-10,050,Midday
2024-08-10,836,Night
2024-08-11,364,Evening
2024-08-11,275,Midday
2024-08-11,083,Night
2024-08-12,740,Evening
2024-08-12,155,Midday
2024-08-12,407,Night
2024-08-13,911,Evening
2024-08-13,749,Midday
2024-08-13,053,Night
2024-08-14,874,Evening
2024-08-14,763,Midday
2024-08-14,094,Night
2024-08-15,755,Evening
2024-08-15,823,Midday
2024-08-15,415,Night
2024-08-16,955,Evening
2024-08-16,496,Midday
2024-08-16,155,Night
2024-08-17,066,Evening
2024-08-17,844,Midday
2024-08-17,281,Night
2024-08-18,203,Evening
2024-08-18,330,Midday
2024-08-18,463,Night
2024-08-19,618,Evening
2024-08-19,461,Midday
2024-08-19,206,Night
2024-08-20,039,Evening
2024-08-20,850,Midday
2024-08-20,127,Night
2024-08-21,470,Evening
2024-08-21,999,Midday
2024-08-21,247,Night
2024-08-22,983,Evening
2024-08-22,375,Midday
2024-08-22,031,Night
2024-08-23,229,Evening
2024-08-23,047,Midday
2024-08-23,310,Night
2024-08-24,520,Evening
2024-08-24,326,Midday
2024-08-24,526,Night
2024-08-25,853,Evening
2024-08-25,053,Midday
2024-08-25,770,Night
2024-08-26,674,Evening
2024-08-26,085,Midday
2024-08-26,031,Night
2024-08-27,310,Evening
2024-08-27,898,Midday
2024-08-27,307,Night
2024-08-28,975,Evening
2024-08-28,761,Midday
2024-08-28,475,Night
2024-08-29,071,Evening
2024-08-29,146,Midday
2024-08-29,675,Night
2024-08-30,683,Evening
2024-08-30,112,Midday
2024-08-30,332,Night
2024-08-31,917,Evening
2024-08-31,786,Midday
2024-08-31,048,Night
2024-09-01,930,Evening
2024-09-01,279,Midday
2024-09-01,234,Night
2024-09-02,789,Evening
2024-09-02,384,Midday
2024-09-02,041,Night
2024-09-03,975,Evening
2024-09-03,300,Midday
2024-09-03,086,Night
2024-09-04,189,Evening
2024-09-04,474,Midday
2024-09-04,712,Night
2024-09-05,989,Evening
2024-09-05,284,Midday
2024-09-05,437,Night
2024-09-06,025,Evening
2024-09-06,685,Midday
2024-09-06,709,Night
2024-09-07,140,Evening
2024-09-07,769,Midday
2024-09-07,709,Night
2024-09-08,802,Evening
2024-09-08,688,Midday
2024-09-08,133,Night
2024-09-09,478,Evening
2024-09-09,635,Midday
2024-09-09,121,Night
2024-09-10,598,Evening
2024-09-10,230,Midday
2024-09-10,740,Night
2024-09-11,834,Evening
2024-09-11,468,Midday
2024-09-11,439,Night
2024-09-12,210,Evening
2024-09-12,908,Midday
2024-09-12,809,Night
2024-09-13,785,Evening
2024-09-13,861,Midday
2024-09-13,475,Night
2024-09-14,946,Evening
2024-09-14,826,Midday
2024-09-14,293,Night
2024-09-15,837,Evening
2024-09-15,940,Midday
2024-09-15,517,Night
2024-09-16,259,Evening
2024-09-16,843,Midday
2024-09-16,587,Night
2024-09-17,554,Evening
2024-09-17,596,Midday
2024-09-17,777,Night
2024-09-18,212,Evening
2024-09-18,154,Midday
2024-09-18,551,Night
2024-09-19,806,Evening
2024-09-19,403,Midday
2024-09-19,311,Night
2024-09-20,881,Evening
2024-09-20,097,Midday
2024-09-20,362,Night
2024-09-21,595,Evening
2024-09-21,442,Midday
2024-09-21,727,Night
2024-09-22,258,Evening
2024-09-22,532,Midday
2024-09-22,043,Night
2024-09-23,723,Evening
2024-09-23,556,Midday
2024-09-23,893,Night
2024-09-24,799,Evening
2024-09-24,814,Midday
2024-09-24,511,Night
2024-09-25,248,Evening
2024-09-25,560,Midday
2024-09-25,413,Night
2024-09-26,904,Evening
2024-09-26,730,Midday
2024-09-26,680,Night
2024-09-27,232,Evening
2024-09-27,361,Midday
2024-09-27,855,Night
2024-09-28,176,Evening
2024-09-28,838,Midday
2024-09-28,936,Night
2024-09-29,200,Evening
2024-09-29,618,Midday
2024-09-29,890,Night
2024-09-30,820,Evening
2024-09-30,887,Midday
2024-09-30,964,Night
2024-10-01,915,Evening
2024-10-01,872,Midday
2024-10-01,570,Night
2024-10-02,719,Evening
2024-10-02,338,Midday
2024-10-02,091,Night
2024-10-03,630,Evening
2024-10-03,628,Midday
2024-10-03,950,Night
2024-10-04,006,Evening
2024-10-04,176,Midday
2024-10-04,083,Night
2024-10-05,623,Evening
2024-10-05,972,Midday
2024-10-05,275,Night
2024-10-06,783,Evening
2024-10-06,274,Midday
2024-10-06,990,Night
2024-10-07,775,Evening
2024-10-07,203,Midday
2024-10-07,385,Night
2024-10-08,255,Evening
2024-10-08,443,Midday
2024-10-08,705,Night
2024-10-09,785,Evening
2024-10-09,564,Midday
2024-10-09,843,Night
2024-10-10,117,Evening
2024-10-10,661,Midday
2024-10-10,683,Night
2024-10-11,493,Evening
2024-10-11,580,Midday
2024-10-11,963,Night
2024-10-12,693,Evening
2024-10-12,211,Midday
2024-10-12,532,Night
2024-10-13,583,Evening
2024-10-13,905,Midday
2024-10-13,600,Night
2024-10-14,327,Evening
2024-10-14,992,Midday
2024-10-14,902,Night
2024-10-15,502,Evening
2024-10-15,876,Midday
2024-10-15,614,Night
2024-10-16,384,Evening
2024-10-16,749,Midday
2024-10-16,723,Night
2024-10-17,621,Evening
2024-10-17,738,Midday
2024-10-17,061,Night
2024-10-18,979,Evening
2024-10-18,049,Midday
2024-10-18,952,Night
2024-10-19,667,Evening
2024-10-19,177,Midday
2024-10-19,717,Night
2024-10-20,769,Evening
2024-10-20,581,Midday
2024-10-20,543,Night
2024-10-21,115,Evening
2024-10-21,191,Midday
2024-10-21,528,Night
2024-10-22,908,Evening
2024-10-22,364,Midday
2024-10-22,656,Night
2024-10-23,500,Evening
2024-10-23,887,Midday
2024-10-23,714,Night
2024-10-24,815,Evening
2024-10-24,321,Midday
2024-10-24,611,Night
2024-10-25,469,Evening
2024-10-25,639,Midday
2024-10-25,282,Night
2024-10-26,848,Evening
2024-10-26,535,Midday
2024-10-26,187,Night
2024-10-27,599,Evening
2024-10-27,072,Midday
2024-10-27,227,Night
2024-10-28,351,Evening
2024-10-28,270,Midday
2024-10-28,536,Night
2024-10-29,363,Evening
2024-10-29,403,Midday
2024-10-29,951,Night
2024-10-30,305,Evening
2024-10-30,215,Midday
2024-10-30,001,Night
2024-10-31,203,Evening
2024-10-31,216,Midday
2024-10-31,528,Night
2024-11-01,210,Evening
2024-11-01,154,Midday
2024-11-01,545,Night
2024-11-02,213,Evening
2024-11-02,505,Midday
2024-11-02,216,Night
2024-11-03,371,Evening
2024-11-03,381,Midday
2024-11-03,337,Night
2024-11-04,601,Evening
2024-11-04,943,Midday
2024-11-04,983,Night
2024-11-05,012,Evening
2024-11-05,350,Midday
2024-11-05,125,Night
2024-11-06,168,Evening
2024-11-06,390,Midday
2024-11-06,920,Night
2024-11-07,096,Evening
2024-11-07,615,Midday
2024-11-07,373,Night
2024-11-08,556,Evening
2024-11-08,944,Midday
2024-11-08,242,Night
2024-11-09,296,Evening
2024-11-09,068,Midday
2024-11-09,964,Night
2024-11-10,448,Evening
2024-11-10,530,Midday
2024-11-10,719,Night
2024-11-11,581,Evening
2024-11-11,879,Midday
2024-11-11,567,Night
2024-11-12,265,Evening
2024-11-12,593,Midday
2024-11-12,777,Night
2024-11-13,834,Evening
2024-11-13,489,Midday
2024-11-13,495,Night
2024-11-14,647,Evening
2024-11-14,939,Midday
2024-11-14,580,Night
2024-11-15,538,Evening
2024-11-15,688,Midday
2024-11-15,690,Night
2024-11-16,128,Evening
2024-11-16,159,Midday
2024-11-16,080,Night
2024-11-17,226,Evening
2024-11-17,942,Midday
2024-11-17,483,Night
2024-11-18,338,Evening
2024-11-18,373,Midday
2024-11-18,253,Night
2024-11-19,360,Evening
2024-11-19,263,Midday
2024-11-19,634,Night
2024-11-20,654,Evening
2024-11-20,487,Midday
2024-11-20,172,Night
2024-11-21,922,Evening
2024-11-21,814,Midday
2024-11-21,853,Night
2024-11-22,194,Evening
2024-11-22,454,Midday
2024-11-22,492,Night
2024-11-23,473,Evening
2024-11-23,550,Midday
2024-11-23,273,Night
2024-11-24,792,Evening
2024-11-24,521,Midday
2024-11-24,135,Night
2024-11-25,561,Evening
2024-11-25,399,Midday
2024-11-25,906,Night
2024-11-26,701,Evening
2024-11-26,020,Midday
2024-11-26,808,Night
2024-11-27,083,Evening
2024-11-27,043,Midday
2024-11-27,641,Night
2024-11-28,218,Evening
2024-11-28,139,Midday
2024-11-28,074,Night
2024-11-29,137,Evening
2024-11-29,445,Midday
2024-11-29,130,Night
2024-11-30,154,Evening
2024-11-30,227,Midday
2024-11-30,184,Night
2024-12-01,978,Evening
2024-12-01,059,Midday
2024-12-01,835,Night
2024-12-02,809,Evening
2024-12-02,631,Midday
2024-12-02,968,Night
2024-12-03,129,Evening
2024-12-03,812,Midday
2024-12-03,922,Night
2024-12-04,669,Evening
2024-12-04,830,Midday
2024-12-04,555,Night
2024-12-05,664,Evening
2024-12-05,672,Midday
2024-12-05,996,Night
2024-12-06,782,Evening
2024-12-06,287,Midday
2024-12-06,763,Night
2024-12-07,199,Evening
2024-12-07,996,Midday
2024-12-07,410,Night
2024-12-08,715,Evening
2024-12-08,525,Midday
2024-12-08,218,Night
2024-12-09,432,Evening
2024-12-09,358,Midday
2024-12-09,423,Night
2024-12-10,399,Evening
2024-12-10,934,Midday
2024-12-10,284,Night
2024-12-11,098,Evening
2024-12-11,113,Midday
2024-12-11,070,Night
2024-12-12,731,Evening
2024-12-12,674,Midday
2024-12-12,880,Night
2024-12-13,977,Evening
2024-12-13,196,Midday
2024-12-13,139,Night
2024-12-14,082,Evening
2024-12-14,888,Midday
2024-12-14,171,Night
2024-12-15,812,Evening
2024-12-15,831,Midday
2024-12-15,195,Night
2024-12-16,081,Evening
2024-12-16,091,Midday
2024-12-16,091,Night
2024-12-17,818,Evening
2024-12-17,514,Midday
2024-12-17,912,Night
2024-12-18,728,Evening
2024-12-18,991,Midday
2024-12-18,203,Night
2024-12-19,717,Evening
2024-12-19,845,Midday
2024-12-19,788,Night
2024-12-20,368,Evening
2024-12-20,701,Midday
2024-12-20,891,Night
2024-12-21,462,Evening
2024-12-21,622,Midday
2024-12-21,362,Night
2024-12-22,902,Evening
2024-12-22,469,Midday
2024-12-22,194,Night
2024-12-23,898,Evening
2024-12-23,851,Midday
2024-12-23,398,Night
2024-12-24,797,Evening
2024-12-24,213,Midday
2024-12-24,346,Night
2024-12-25,894,Evening
2024-12-25,348,Midday
2024-12-25,769,Night
2024-12-26,332,Evening
2024-12-26,753,Midday
2024-12-26,693,Night
2024-12-27,693,Evening
2024-12-27,280,Midday
2024-12-27,217,Night
2024-12-28,243,Evening
2024-12-28,209,Midday
2024-12-28,518,Night
2024-12-29,117,Evening
2024-12-29,922,Midday
2024-12-29,504,Night
2024-12-30,585,Evening
2024-12-30,615,Midday
2024-12-30,790,Night
2024-12-31,496,Evening
2024-12-31,372,Midday
2024-12-31,642,Night
2025-01-01,288,Evening
2025-01-01,843,Midday
2025-01-01,425,Night
2025-01-02,681,Evening
2025-01-02,692,Midday
2025-01-02,677,Night
2025-01-03,503,Evening
2025-01-03,047,Midday
2025-01-03,201,Night
2025-01-04,658,Evening
2025-01-04,369,Midday
2025-01-04,430,Night
2025-01-05,631,Evening
2025-01-05,668,Midday
2025-01-05,716,Night
2025-01-06,593,Evening
2025-01-06,569,Midday
2025-01-06,198,Night
2025-01-07,907,Evening
2025-01-07,198,Midday
2025-01-07,135,Night
2025-01-08,293,Evening
2025-01-08,925,Midday
2025-01-08,2,Night
2025-01-09,636,Evening
2025-01-09,71,Midday
2025-01-09,746,Night
2025-01-10,672,Evening
2025-01-10,825,Midday
2025-01-10,179,Night
2025-01-11,462,Evening
2025-01-11,755,Midday
2025-01-11,191,Night
2025-01-12,454,Evening
2025-01-12,106,Midday
2025-01-12,559,Night
2025-01-13,986,Evening
2025-01-13,111,Midday
2025-01-13,260,Night
2025-01-14,576,Evening
2025-01-14,769,Midday
2025-01-14,164,Night
2025-01-15,319,Evening
2025-01-15,978,Midday
2025-01-15,612,Night
2025-01-16,963,Evening
2025-01-16,492,Midday
2025-01-16,364,Night
2025-01-17,648,Evening
2025-01-17,258,Midday
2025-01-17,531,Night
2025-01-18,22,Evening
2025-01-18,397,Midday
2025-01-18,445,Night
2025-01-19,370,Evening
2025-01-19,887,Midday
2025-01-19,550,Night
2025-01-20,663,Evening
2025-01-20,721,Midday
2025-01-20,418,Night
2025-01-21,143,Evening
2025-01-21,679,Midday
2025-01-21,277,Night
2025-01-22,602,Evening
2025-01-22,5,Midday
2025-01-22,864,Night
2025-01-23,637,Evening
2025-01-23,320,Midday
2025-01-23,958,Night
2025-01-24,428,Evening
2025-01-24,281,Midday
2025-01-24,103,Night
2025-01-25,575,Evening
2025-01-25,694,Midday
2025-01-25,326,Night
2025-01-26,225,Evening
2025-01-26,983,Midday
2025-01-26,372,Night
2025-01-27,793,Evening
2025-01-27,114,Midday
2025-01-27,692,Night
2025-01-28,67,Evening
2025-01-28,778,Midday
2025-01-28,670,Night
2025-01-29,92,Evening
2025-01-29,698,Midday
2025-01-29,940,Night
2025-01-30,64,Evening
2025-01-30,278,Midday
2025-01-30,892,Night
2025-01-31,343,Evening
2025-01-31,116,Midday
2025-01-31,527,Night
2025-02-01,453,Evening
2025-02-01,49,Midday
2025-02-01,125,Night
2025-02-02,337,Evening
2025-02-02,950,Midday
2025-02-02,68,Night
2025-02-03,723,Evening
2025-02-03,551,Midday
2025-02-03,375,Night
2025-02-04,555,Evening
2025-02-04,254,Midday
2025-02-04,216,Night
2025-02-05,825,Evening
2025-02-05,896,Midday
2025-02-05,733,Night
2025-02-06,27,Evening
2025-02-06,533,Midday
2025-02-06,284,Night
2025-02-07,452,Evening
2025-02-07,742,Midday
2025-02-07,957,Night
2025-02-08,811,Evening
2025-02-08,314,Midday
2025-02-08,428,Night
2025-02-09,212,Evening
2025-02-09,508,Midday
2025-02-09,621,Night
2025-02-10,332,Evening
2025-02-10,322,Midday
2025-02-10,136,Night
2025-02-11,562,Evening
2025-02-11,964,Midday
2025-02-11,653,Night
2025-02-12,279,Evening
2025-02-12,624,Midday
2025-02-12,357,Night
2025-02-13,634,Evening
2025-02-13,136,Midday
2025-02-13,489,Night
2025-02-14,140,Evening
2025-02-14,863,Midday
2025-02-14,487,Night
2025-02-15,293,Evening
2025-02-15,717,Midday
2025-02-15,189,Night
2025-02-16,828,Evening
2025-02-16,047,Midday
2025-02-16,959,Night
2025-02-17,469,Evening
2025-02-17,395,Midday
2025-02-17,678,Night
2025-02-18,974,Evening
2025-02-18,4,Midday
2025-02-18,631,Night
2025-02-19,619,Evening
2025-02-19,625,Midday
2025-02-19,955,Night
2025-02-20,891,Evening
2025-02-20,573,Midday
2025-02-20,990,Night
2025-02-21,641,Evening
2025-02-21,438,Midday
2025-02-21,886,Night
2025-02-22,435,Evening
2025-02-22,395,Midday
2025-02-22,396,Night
2025-02-23,67,Evening
2025-02-23,118,Midday
2025-02-23,618,Night
2025-02-24,935,Evening
2025-02-24,906,Midday
2025-02-24,242,Night
2025-02-25,290,Evening
2025-02-25,261,Midday
2025-02-25,942,Night
2025-02-26,612,Evening
2025-02-26,698,Midday
2025-02-26,223,Night
2025-02-27,746,Evening
2025-02-27,319,Midday
2025-02-27,273,Night
2025-02-28,996,Evening
2025-02-28,664,Midday
2025-02-28,278,Night
2025-03-01,939,Evening
2025-03-01,835,Midday
2025-03-01,583,Night
2025-03-02,386,Evening
2025-03-02,245,Midday
2025-03-02,534,Night
2025-03-03,960,Evening
2025-03-03,110,Midday
2025-03-03,379,Night
2025-03-04,379,Evening
2025-03-04,406,Midday
2025-03-04,487,Night
2025-03-05,545,Evening
2025-03-05,209,Midday
2025-03-05,369,Night
2025-03-06,236,Evening
2025-03-06,904,Midday
2025-03-06,447,Night
2025-03-07,803,Evening
2025-03-07,9,Midday
2025-03-07,584,Night
2025-03-08,88,Evening
2025-03-08,772,Midday
2025-03-08,773,Night
2025-03-09,62,Evening
2025-03-09,32,Midday
2025-03-09,724,Night
2025-03-10,3,Evening
2025-03-10,915,Midday
2025-03-10,563,Night
2025-03-11,618,Evening
2025-03-11,602,Midday
2025-03-11,895,Night
2025-03-12,968,Evening
2025-03-12,505,Midday
2025-03-12,545,Night
2025-03-13,48,Evening
2025-03-13,515,Midday
2025-03-13,80,Night
2025-03-14,708,Evening
2025-03-14,980,Midday
2025-03-14,163,Night
2025-03-15,674,Evening
2025-03-15,149,Midday
2025-03-15,520,Night
2025-03-16,295,Evening
2025-03-16,695,Midday
2025-03-16,991,Night
2025-03-17,358,Evening
2025-03-17,476,Midday
2025-03-17,91,Night
2025-03-18,98,Evening
2025-03-18,79,Midday
2025-03-18,286,Night
2025-03-19,639,Evening
2025-03-19,568,Midday
2025-03-19,702,Night
2025-03-20,738,Evening
2025-03-20,292,Midday
2025-03-20,820,Night
2025-03-21,830,Evening
2025-03-21,972,Midday
2025-03-21,678,Night
2025-03-22,6,Evening
2025-03-22,878,Midday
2025-03-22,744,Night
2025-03-23,788,Evening
2025-03-23,508,Midday
2025-03-23,335,Night
2025-03-24,968,Evening
2025-03-24,238,Midday
2025-03-24,895,Night
2025-03-25,59,Evening
2025-03-25,007,Midday
2025-03-25,459,Night
2025-03-26,637,Evening
2025-03-26,796,Midday
2025-03-26,73,Night
2025-03-27,745,Evening
2025-03-27,157,Midday
2025-03-27,46,Night
2025-03-28,813,Evening
2025-03-28,938,Midday
2025-03-28,431,Night
2025-03-29,315,Evening
2025-03-29,530,Midday
2025-03-29,294,Night
2025-03-30,802,Evening
2025-03-30,691,Midday
2025-03-30,489,Night
2025-03-31,224,Evening
2025-03-31,137,Midday
2025-03-31,404,Night
2025-04-01,881,Evening
2025-04-01,869,Midday
2025-04-01,947,Night
2025-04-02,350,Evening
2025-04-02,286,Midday
2025-04-02,337,Night
2025-04-03,706,Evening
2025-04-03,634,Midday
2025-04-03,640,Night
2025-04-04,261,Evening
2025-04-04,532,Midday
2025-04-04,734,Night
2025-04-05,602,Evening
2025-04-05,810,Midday
2025-04-05,783,Night
2025-04-06,077,Evening
2025-04-06,166,Midday
2025-04-06,989,Night
2025-04-07,481,Evening
2025-04-07,174,Midday
2025-04-07,709,Night
2025-04-08,524,Evening
2025-04-08,675,Midday
2025-04-08,753,Night
2025-04-09,103,Evening
2025-04-09,095,Midday
2025-04-09,940,Night
2025-04-10,355,Evening
2025-04-10,409,Midday
2025-04-10,391,Night
2025-04-11,952,Evening
2025-04-11,308,Midday
2025-04-11,451,Night
2025-04-12,661,Evening
2025-04-12,212,Midday
2025-04-12,399,Night
2025-04-13,126,Evening
2025-04-13,666,Midday
2025-04-13,506,Night
2025-04-14,104,Evening
2025-04-14,148,Midday
2025-04-14,464,Night
2025-04-15,131,Evening
2025-04-15,279,Midday
2025-04-15,542,Night
2025-04-16,435,Evening
2025-04-16,684,Midday
2025-04-16,614,Night
2025-04-17,084,Evening
2025-04-17,274,Midday
2025-04-17,922,Night
2025-04-18,153,Evening
2025-04-18,349,Midday
2025-04-18,311,Night
2025-04-19,613,Evening
2025-04-19,747,Midday
2025-04-19,167,Night
2025-04-20,537,Evening
2025-04-20,000,Midday
2025-04-20,000,Night
2025-04-21,294,Evening
2025-04-21,339,Midday
2025-04-21,397,Night
2025-04-22,288,Evening
2025-04-22,785,Midday
2025-04-22,455,Night
2025-04-23,501,Evening
2025-04-23,729,Midday
2025-04-23,742,Night
2025-04-24,267,Evening
2025-04-24,933,Midday
2025-04-24,082,Night
2025-04-25,300,Evening
2025-04-25,847,Midday
2025-04-25,413,Night
2025-04-26,983,Evening
2025-04-26,974,Midday
2025-04-26,630,Night
2025-04-27,014,Evening
2025-04-27,913,Midday
2025-04-27,269,Night
2025-04-28,332,Evening
2025-04-28,845,Midday
2025-04-28,141,Night
2025-04-29,001,Evening
2025-04-29,414,Midday
2025-04-29,780,Night
2025-04-30,123,Evening
2025-04-30,251,Midday
2025-04-30,143,Night
2025-05-01,631,Evening
2025-05-01,040,Midday
2025-05-01,261,Night
2025-05-02,741,Evening
2025-05-02,250,Midday
2025-05-02,044,Night
2025-05-03,738,Evening
2025-05-03,407,Midday
2025-05-03,565,Night
2025-05-04,213,Evening
2025-05-04,724,Midday
2025-05-04,097,Night
2025-05-05,291,Evening
2025-05-05,862,Midday
2025-05-05,788,Night
2025-05-06,281,Evening
2025-05-06,348,Midday
2025-05-06,657,Night
2025-05-07,015,Evening
2025-05-07,779,Midday
2025-05-07,314,Night
2025-05-08,406,Evening
2025-05-08,017,Midday
2025-05-08,604,Night
2025-05-09,635,Evening
2025-05-09,656,Midday
2025-05-09,792,Night
2025-05-10,130,Evening
2025-05-10,924,Midday
2025-05-10,337,Night
2025-05-11,621,Evening
2025-05-11,395,Midday
2025-05-11,616,Night
2025-05-12,742,Evening
2025-05-12,734,Midday
2025-05-12,125,Night
2025-05-13,764,Evening
2025-05-13,548,Midday
2025-05-13,745,Night
2025-05-14,987,Evening
2025-05-14,330,Midday
2025-05-14,897,Night
2025-05-15,860,Evening
2025-05-15,316,Midday
2025-05-15,647,Night
2025-05-16,178,Evening
2025-05-16,557,Midday
2025-05-16,724,Night
2025-05-17,243,Evening
2025-05-17,439,Midday
2025-05-17,700,Night
2025-05-18,277,Evening
2025-05-18,221,Midday
2025-05-18,276,Night
2025-05-19,380,Evening
2025-05-19,611,Midday
2025-05-19,773,Night
2025-05-20,715,Evening
2025-05-20,604,Midday
2025-05-20,708,Night
2025-05-21,261,Evening
2025-05-21,714,Midday
2025-05-21,172,Night
2025-05-22,599,Evening
2025-05-22,201,Midday
2025-05-22,959,Night
2025-05-23,020,Evening
2025-05-23,655,Midday
2025-05-23,562,Night
2025-05-24,861,Evening
2025-05-24,495,Midday
2025-05-24,256,Night
2025-05-25,248,Evening
2025-05-25,973,Midday
2025-05-25,371,Night
2025-05-26,798,Evening
2025-05-26,903,Midday
2025-05-26,957,Night
2025-05-27,007,Evening
2025-05-27,240,Midday
2025-05-27,160,Night
2025-05-28,811,Evening
2025-05-28,347,Midday
2025-05-28,180,Night
2025-05-29,640,Evening
2025-05-29,850,Midday
2025-05-29,991,Night
2025-05-30,329,Evening
2025-05-30,368,Midday
2025-05-30,667,Night
2025-05-31,550,Evening
2025-05-31,135,Midday
2025-05-31,163,Night
2025-06-01,996,Evening
2025-06-01,021,Midday
2025-06-01,380,Night
2025-06-02,583,Evening
2025-06-02,607,Midday
2025-06-02,740,Night
2025-06-03,979,Evening
2025-06-03,272,Midday
2025-06-03,292,Night
2025-06-04,084,Evening
2025-06-04,537,Midday
2025-06-04,110,Night
2025-06-05,346,Evening
2025-06-05,048,Midday
2025-06-05,138,Night
2025-06-06,444,Midday
2025-06-06,893,Night
2025-06-07,358,Evening
2025-06-07,787,Midday
2025-06-07,732,Night
2025-06-08,004,Evening
2025-06-08,837,Midday
2025-06-08,124,Night
2025-06-09,638,Evening
2025-06-09,383,Midday
2025-06-09,018,Night
2025-06-10,233,Evening
2025-06-10,230,Midday
2025-06-10,841,Night
2025-06-11,740,Evening
2025-06-11,906,Midday
2025-06-11,533,Night
2025-06-12,693,Evening
2025-06-12,290,Midday
2025-06-12,148,Night
2025-06-13,734,Evening
2025-06-13,950,Midday
2025-06-13,610,Night
2025-06-14,824,Evening
2025-06-14,101,Midday
2025-06-14,240,Night
2025-06-15,464,Evening
2025-06-15,767,Midday
2025-06-15,083,Night
2025-06-16,550,Evening
2025-06-16,116,Midday
2025-06-16,556,Night
2025-06-17,947,Evening
2025-06-17,343,Midday
2025-06-17,703,Night
2025-06-18,788,Evening
2025-06-18,214,Midday
2025-06-18,940,Night
2025-06-19,316,Evening
2025-06-19,855,Midday
2025-06-19,419,Night
2025-06-20,025,Evening
2025-06-20,021,Midday
2025-06-20,124,Night
2025-06-21,428,Evening
2025-06-21,279,Midday
2025-06-21,310,Night
2025-06-22,564,Evening
2025-06-22,541,Midday
2025-06-22,015,Night
2025-06-23,707,Evening
2025-06-23,558,Midday
2025-06-23,769,Night
2025-06-24,716,Evening
2025-06-24,008,Midday
2025-06-24,828,Night
2025-06-25,508,Evening
2025-06-25,681,Midday
2025-06-25,432,Night
2025-06-26,952,Evening
2025-06-26,527,Midday
2025-06-26,597,Night
2025-06-27,865,Evening
2025-06-27,979,Midday
2025-06-27,288,Night
2025-06-28,816,Evening
2025-06-28,273,Midday
2025-06-28,703,Night
2025-06-29,867,Evening
2025-06-29,338,Midday
2025-06-29,764,Night
2025-06-30,902,Evening
2025-06-30,004,Midday
2025-06-30,145,Night
2025-07-01,249,Evening
2025-07-01,141,Midday
2025-07-01,907,Night
2025-07-02,852,Evening
2025-07-02,025,Midday
2025-07-02,743,Night
2025-07-03,403,Evening
2025-07-03,160,Midday
2025-07-03,723,Night
2025-07-04,683,Evening
2025-07-04,708,Midday
2025-07-04,142,Night
2025-07-05,451,Evening
2025-07-05,025,Midday
2025-07-05,347,Night
2025-07-06,140,Evening
2025-07-06,407,Midday
2025-07-06,864,Night
2025-07-07,675,Evening
2025-07-07,704,Midday
2025-07-07,154,Night
2025-07-08,247,Evening
2025-07-08,281,Midday
2025-07-08,949,Night
2025-07-09,308,Evening
2025-07-09,481,Midday
2025-07-09,588,Night
2025-07-10,314,Evening
2025-07-10,769,Midday
2025-07-10,936,Night
2025-07-11,330,Evening
2025-07-11,775,Midday
2025-07-11,373,Night
2025-07-12,393,Evening
2025-07-12,092,Midday
2025-07-12,649,Night
2025-07-13,895,Evening
2025-07-13,683,Midday
2025-07-13,509,Night
2025-07-14,843,Evening
2025-07-14,399,Midday
2025-07-14,925,Night
2025-07-15,923,Evening
2025-07-15,035,Midday
2025-07-15,084,Night
2025-07-16,787,Evening
2025-07-16,848,Midday
2025-07-16,382,Night
2025-07-17,349,Evening
2025-07-17,572,Midday
2025-07-17,709,Night
2025-07-18,000,Evening
2025-07-18,876,Midday
2025-07-18,461,Night
2025-07-19,022,Evening
2025-07-19,480,Midday
2025-07-19,103,Night
2025-07-20,560,Evening
2025-07-20,668,Midday
2025-07-20,439,Night
2025-07-21,195,Evening
2025-07-21,789,Midday
2025-07-21,185,Night
2025-07-22,880,Evening
2025-07-22,596,Midday
2025-07-22,002,Night
2025-07-23,916,Evening
2025-07-23,168,Midday
2025-07-23,835,Night
2025-07-24,562,Evening
2025-07-24,771,Midday
2025-07-24,774,Night
2025-07-25,084,Evening
2025-07-25,786,Midday
2025-07-25,377,Night
2025-07-26,653,Evening
2025-07-26,489,Midday
2025-07-26,726,Night
2025-07-27,492,Evening
2025-07-27,493,Midday
2025-07-27,817,Night
2025-07-28,765,Evening
2025-07-28,944,Midday
2025-07-28,537,Night
2025-07-29,917,Evening
2025-07-29,470,Midday
2025-07-29,859,Night
2025-07-30,670,Evening
2025-07-30,561,Midday
2025-07-30,231,Night
2025-07-31,999,Evening
2025-07-31,351,Midday
2025-07-31,534,Night
2025-08-01,648,Evening
2025-08-01,763,Midday
2025-08-01,790,Night
2025-08-02,551,Evening
2025-08-02,849,Midday
2025-08-02,286,Night
2025-08-03,217,Evening
2025-08-03,749,Midday
2025-08-03,155,Night
2025-08-04,463,Evening
2025-08-04,192,Midday
2025-08-04,284,Night
2025-08-05,127,Evening
2025-08-05,256,Midday
2025-08-05,132,Night
2025-08-06,576,Evening
2025-08-06,242,Midday
2025-08-06,861,Night
2025-08-07,584,Evening
2025-08-07,672,Midday
2025-08-07,971,Night
2025-08-08,786,Evening
2025-08-08,241,Midday
2025-08-08,023,Night
2025-08-09,665,Evening
2025-08-09,194,Midday
2025-08-09,620,Night
2025-08-10,111,Evening
2025-08-10,773,Midday
2025-08-10,883,Night
2025-08-11,289,Evening
2025-08-11,185,Midday
2025-08-11,393,Night
2025-08-12,232,Evening
2025-08-12,041,Midday
2025-08-12,739,Night
2025-08-13,263,Evening
2025-08-13,367,Midday
2025-08-13,337,Night
2025-08-14,640,Evening
2025-08-14,704,Midday
2025-08-14,140,Night
2025-08-15,751,Evening
2025-08-15,670,Midday
2025-08-15,922,Night
2025-08-16,508,Evening
2025-08-16,383,Midday
2025-08-16,291,Night
2025-08-17,097,Evening
2025-08-17,903,Midday
2025-08-17,132,Night
2025-08-18,220,Evening
2025-08-18,038,Midday
2025-08-18,636,Night
2025-08-19,006,Evening
2025-08-19,150,Midday
2025-08-19,309,Night
2025-08-20,730,Evening
2025-08-20,098,Midday
2025-08-20,683,Night
2025-08-21,451,Evening
2025-08-21,263,Midday
2025-08-21,513,Night
2025-08-22,567,Evening
2025-08-22,518,Midday
2025-08-22,173,Night
2025-08-23,950,Evening
2025-08-23,033,Midday
2025-08-23,782,Night
2025-08-24,201,Evening
2025-08-24,436,Midday
2025-08-24,628,Night
2025-08-25,139,Evening
2025-08-25,322,Midday
2025-08-25,218,Night
2025-08-26,939,Evening
2025-08-26,638,Midday
2025-08-26,287,Night
2025-08-27,193,Evening
2025-08-27,091,Midday
2025-08-27,176,Night
2025-08-28,778,Evening
2025-08-28,103,Midday
2025-08-28,675,Night
2025-08-29,834,Evening
2025-08-29,313,Midday
2025-08-29,709,Night
2025-08-30,980,Evening
2025-08-30,988,Midday
2025-08-30,349,Night
2025-08-31,213,Evening
2025-08-31,615,Midday
2025-08-31,782,Night
2025-09-01,700,Midday
2025-09-01,256,Night
2025-09-02,987,Midday
2025-09-02,583,Night
2025-09-03,346,Midday
2025-09-03,737,Night
2025-09-04,209,Midday
2025-09-04,617,Night
2025-09-05,326,Midday
2025-09-05,341,Night
2025-09-06,57,Midday
2025-09-06,484,Night
2025-09-07,890,Midday
2025-09-07,206,Night
2025-09-08,781,Midday
2025-09-08,667,Night
2025-09-09,967,Midday
2025-09-09,370,Night
2025-09-10,348,Midday
2025-09-10,99,Night
2025-09-11,178,Midday
2025-09-11,18,Night
2025-09-12,912,Midday
2025-09-12,387,Night
2025-09-13,848,Midday
2025-09-13,280,Night
2025-09-14,472,Midday
2025-09-14,868,Night
2025-09-15,741,Midday
2025-09-15,966,Night
2025-09-16,97,Midday
2025-09-16,544,Night
2025-09-17,239,Midday
2025-09-17,915,Night
2025-09-18,239,Midday
2025-09-18,878,Night
2025-09-19,239,Midday
2025-09-19,859,Night
2025-09-20,293,Midday
2025-09-20,94,Night
2025-09-21,787,Midday
2025-09-21,314,Night
2025-09-22,537,Midday
2025-09-22,388,Night
2025-09-23,850,Midday
2025-09-23,463,Night
2025-09-24,661,Midday
2025-09-24,8,Night
2025-09-25,91,Midday
2025-09-25,110,Night
2025-09-26,402,Midday
2025-09-26,395,Night
2025-09-27,861,Midday
2025-09-27,416,Night
2025-09-28,505,Midday
2025-09-28,362,Night
2025-09-29,717,Midday
2025-09-29,456,Night
2025-09-30,390,Midday
2025-09-30,77,Night
2025-10-01,633,Midday
2025-10-01,796,Night
2025-10-02,937,Midday
2025-10-02,30,Night
2025-10-03,778,Midday
2025-10-03,398,Night
2025-10-04,391,Midday
2025-10-04,774,Night
2025-10-05,890,Midday
2025-10-05,379,Night
2025-10-06,863,Midday
2025-10-06,56,Night
2025-10-07,191,Midday
2025-10-07,348,Night
2025-10-08,605,Midday
2025-10-08,256,Night
2025-10-09,643,Midday
2025-10-09,529,Night
2025-10-10,510,Midday
2025-10-10,780,Night
2025-10-11,419,Midday
2025-10-11,453,Night
2025-10-14,475,Midday
2025-10-14,786,Night
2025-10-15,769,Midday
2025-10-15,149,Night
2025-10-16,736,Midday
2025-10-16,863,Night
2025-10-17,592,Midday
2025-10-17,122,Night
2025-10-18,581,Midday
2025-10-18,441,Night
2025-10-19,744,Midday
2025-10-19,166,Night
2025-10-20,922,Midday
2025-10-20,708,Night
2025-10-21,672,Midday
2025-10-21,737,Night
2025-10-22,989,Midday
2025-10-22,360,Night
2025-10-23,232,Midday
2025-10-23,458,Night
2025-10-24,94,Midday
2025-10-24,215,Night
2025-10-25,619,Midday
2025-10-25,156,Night
2025-10-26,573,Midday
2025-10-26,960,Night
2025-10-27,103,Midday
2025-10-27,190,Night
2025-10-28,412,Midday
2025-10-28,114,Night
2025-10-29,873,Midday
2025-10-29,357,Night
2025-10-30,210,Midday
2025-10-30,728,Night
2025-10-31,576,Midday
2025-10-31,888,Night
2025-11-01,129,Evening
2025-11-01,151,Midday
2025-11-01,577,Night
2025-11-02,282,Evening
2025-11-02,569,Midday
2025-11-02,424,Night
2025-11-03,788,Evening
2025-11-03,244,Midday
2025-11-03,397,Night
2025-11-04,161,Evening
2025-11-04,684,Midday
2025-11-04,226,Night
2025-11-05,514,Evening
2025-11-05,981,Midday
2025-11-05,19,Night
2025-11-06,003,Evening
2025-11-06,933,Midday
2025-11-06,488,Night
2025-11-07,639,Evening
2025-11-07,986,Midday
2025-11-07,811,Night
2025-11-08,000,Evening
2025-11-08,605,Midday
2025-11-08,444,Night
2025-11-09,639,Evening
2025-11-09,971,Midday
2025-11-09,637,Night
2025-11-10,239,Evening
2025-11-10,350,Midday
2025-11-10,489,Night
2025-11-11,334,Evening
2025-11-11,631,Midday
2025-11-11,334,Night
2025-11-12,583,Evening
2025-11-12,637,Midday
2025-11-12,559,Night
2025-11-13,964,Evening
2025-11-13,917,Midday
2025-11-13,594,Night
2025-11-14,056,Evening
2025-11-14,983,Midday
2025-11-14,605,Night
2025-11-15,600,Evening
2025-11-15,726,Midday
2025-11-15,588,Night
2025-11-16,457,Evening
2025-11-16,282,Midday
2025-11-16,528,Night
2025-11-17,066,Evening
2025-11-17,877,Midday
2025-11-17,258,Night
2025-11-18,816,Evening
2025-11-18,973,Midday
2025-11-18,308,Night
2025-11-19,122,Evening
2025-11-19,629,Midday
2025-11-19,449,Night
2025-11-20,932,Evening
2025-11-20,279,Midday
2025-11-20,908,Night
2025-11-21,837,Evening
2025-11-21,865,Midday
2025-11-21,687,Night
2025-11-22,766,Evening
2025-11-22,408,Midday
2025-11-22,310,Night
2025-11-23,594,Evening
2025-11-23,978,Midday
2025-11-23,987,Night
2025-11-24,090,Evening
2025-11-24,744,Midday
2025-11-24,519,Night
2025-11-25,939,Evening
2025-11-25,378,Midday
2025-11-25,180,Night
2025-11-26,309,Evening
2025-11-26,277,Midday
2025-11-26,204,Night
2025-11-27,268,Evening
2025-11-27,308,Midday
2025-11-27,616,Night
2025-11-28,758,Evening
2025-11-28,435,Midday
2025-11-28,346,Night
2025-11-29,470,Evening
2025-11-29,522,Midday
2025-11-29,659,Night
2025-11-30,810,Evening
2025-11-30,511,Midday
2025-11-30,389,Night
2025-12-01,858,Evening
2025-12-01,799,Midday
2025-12-01,973,Night
2025-12-02,646,Evening
2025-12-02,664,Midday
2025-12-02,878,Night
2025-12-03,047,Evening
2025-12-03,493,Midday
2025-12-03,859,Night
2025-12-04,189,Evening
2025-12-04,313,Midday
2025-12-04,724,Night
2025-12-05,041,Evening
2025-12-05,216,Midday
2025-12-05,980,Night
2025-12-06,168,Evening
2025-12-06,508,Midday
2025-12-06,729,Night
2025-12-07,283,Evening
2025-12-07,034,Midday
2025-12-07,663,Night
2025-12-08,493,Evening
2025-12-08,628,Midday
2025-12-08,007,Night
2025-12-09,336,Evening
2025-12-09,894,Midday
2025-12-09,100,Night
2025-12-10,994,Evening
2025-12-10,735,Midday
2025-12-10,709,Night
2025-12-11,478,Evening
2025-12-11,158,Midday
2025-12-11,635,Night
2025-12-12,284,Evening
2025-12-12,479,Midday
2025-12-12,858,Night
2025-12-13,688,Evening
2025-12-13,037,Midday
2025-12-13,722,Night
2025-12-14,589,Evening
2025-12-14,397,Midday
2025-12-14,705,Night
2025-12-15,169,Evening
2025-12-15,932,Midday
2025-12-15,679,Night
2025-12-16,881,Evening
2025-12-16,387,Midday
2025-12-16,378,Night
2025-12-17,065,Evening
2025-12-17,569,Midday
2025-12-17,224,Night
2025-12-18,552,Evening
2025-12-18,307,Midday
2025-12-18,335,Night
2025-12-19,824,Evening
2025-12-19,704,Midday
2025-12-19,537,Night
2025-12-20,994,Evening
2025-12-20,689,Midday
2025-12-20,952,Night
2025-12-21,762,Evening
2025-12-21,899,Midday
2025-12-21,979,Night
2025-12-22,018,Evening
2025-12-22,587,Midday
2025-12-22,965,Night
2025-12-23,834,Evening
2025-12-23,241,Midday
2025-12-23,926,Night
2025-12-24,761,Evening
2025-12-24,022,Midday
2025-12-24,309,Night
2025-12-25,015,Evening
2025-12-25,973,Midday
2025-12-25,177,Night
2025-12-26,849,Evening
2025-12-26,557,Midday
2025-12-26,434,Night
2025-12-27,886,Evening
2025-12-27,896,Midday
2025-12-27,281,Night
2025-12-28,722,Evening
2025-12-28,336,Midday
2025-12-28,227,Night
2025-12-29,061,Evening
2025-12-29,965,Midday
2025-12-29,175,Night
2025-12-30,788,Evening
2025-12-30,014,Midday
2025-12-30,526,Night
2025-12-31,050,Evening
2025-12-31,776,Midday
2025-12-31,382,Night
2026-01-01,739,Evening
2026-01-01,982,Midday
2026-01-01,425,Night
2026-01-02,546,Evening
2026-01-02,258,Midday
2026-01-02,172,Night
2026-01-03,280,Evening
2026-01-03,285,Midday
2026-01-03,118,Night
2026-01-04,620,Evening
2026-01-04,303,Midday
2026-01-04,362,Night
2026-01-05,120,Evening
2026-01-05,800,Midday
2026-01-05,856,Night
2026-01-06,756,Evening
2026-01-06,408,Midday
2026-01-06,660,Night
2026-01-07,267,Evening
2026-01-07,381,Midday
2026-01-07,139,Night
2026-01-08,076,Evening
2026-01-08,280,Midday
2026-01-08,331,Night
2026-01-09,002,Evening
2026-01-09,177,Midday
2026-01-09,012,Night
2026-01-10,365,Evening
2026-01-10,853,Midday
2026-01-10,070,Night
2026-01-11,218,Evening
2026-01-11,499,Midday
2026-01-11,932,Night
2026-01-12,075,Evening
2026-01-12,777,Midday
2026-01-12,884,Night
2026-01-13,184,Evening
2026-01-13,259,Midday
2026-01-13,997,Night
2026-01-14,978,Evening
2026-01-14,549,Midday
2026-01-14,590,Night
2026-01-15,801,Evening
2026-01-15,874,Midday
2026-01-15,709,Night
2026-01-16,420,Evening
2026-01-16,207,Midday
2026-01-16,170,Night
2026-01-17,958,Evening
2026-01-17,225,Midday
2026-01-17,760,Night
2026-01-18,246,Evening
2026-01-18,618,Midday
2026-01-18,776,Night
2026-01-19,618,Evening
2026-01-19,598,Midday
2026-01-19,364,Night
2026-01-20,373,Evening
2026-01-20,223,Midday
2026-01-20,080,Night
2026-01-21,352,Evening
2026-01-21,470,Midday
2026-01-21,541,Night
2026-01-22,663,Evening
2026-01-22,102,Midday
2026-01-22,284,Night
2026-01-23,649,Evening
2026-01-23,486,Midday
2026-01-23,487,Night
2026-01-24,786,Evening
2026-01-24,358,Midday
2026-01-24,552,Night
2026-01-25,673,Evening
2026-01-25,005,Midday
2026-01-25,884,Night
2026-01-26,281,Evening
2026-01-26,737,Midday
2026-01-26,816,Night
2026-01-27,022,Evening
2026-01-27,797,Midday
2026-01-27,203,Night
2026-01-28,254,Evening
2026-01-28,628,Midday
2026-01-28,203,Night
2026-01-29,091,Evening
2026-01-29,966,Midday
2026-01-29,397,Night
2026-01-30,149,Evening
2026-01-30,405,Midday
2026-01-30,712,Night
2026-01-31,721,Evening
2026-01-31,492,Midday
2026-01-31,673,Night
2026-02-01,295,Evening
2026-02-01,758,Midday
2026-02-01,663,Night
2026-02-02,847,Evening
2026-02-02,350,Midday
2026-02-02,195,Night
2026-02-03,73,Evening
2026-02-03,426,Midday
2026-02-03,841,Night
2026-02-04,648,Evening
2026-02-04,239,Midday
2026-02-04,725,Night
2026-02-05,562,Evening
2026-02-05,142,Midday
2026-02-05,314,Night
2026-02-06,389,Evening
2026-02-06,568,Midday
2026-02-06,867,Night
2026-02-07,279,Evening
2026-02-07,618,Midday
2026-02-07,918,Night
2026-02-08,371,Evening
2026-02-08,367,Midday
2026-02-08,203,Night
2026-02-09,973,Evening
2026-02-09,285,Midday
2026-02-09,261,Night
2026-02-10,871,Evening
2026-02-10,168,Midday
2026-02-10,517,Night
2026-02-11,176,Evening
2026-02-11,379,Midday
2026-02-11,870,Night
2026-02-12,606,Evening
2026-02-12,572,Midday
2026-02-12,517,Night
2026-02-13,133,Evening
2026-02-13,334,Midday
2026-02-13,451,Night
2026-02-14,861,Evening
2026-02-14,332,Midday
2026-02-14,547,Night
2026-02-15,185,Evening
2026-02-15,548,Midday
2026-02-15,632,Night
2026-02-16,329,Evening
2026-02-16,253,Midday
2026-02-16,990,Night
2026-02-17,015,Evening
2026-02-17,464,Midday
2026-02-17,610,Night
2026-02-18,943,Evening
2026-02-18,317,Midday
2026-02-18,378,Night
2026-02-19,195,Evening
2026-02-19,513,Midday
2026-02-19,155,Night
2026-02-20,608,Evening
2026-02-20,489,Midday
2026-02-20,722,Night
2026-02-21,129,Evening
2026-02-21,884,Midday
2026-02-21,484,Night
2026-02-22,356,Evening
2026-02-22,611,Midday
2026-02-22,089,Night
2026-02-23,500,Evening
2026-02-23,659,Midday
2026-02-23,329,Night
2026-02-24,979,Evening
2026-02-24,062,Midday
2026-02-24,558,Night
2026-02-25,213,Evening
2026-02-25,800,Midday
2026-02-25,401,Night
2026-02-26,886,Evening
2026-02-26,460,Midday
2026-02-26,553,Night
2026-02-27,561,Evening
2026-02-27,629,Midday
2026-02-27,272,Night
2026-02-28,502,Evening
2026-02-28,816,Midday
2026-02-28,115,Night
2026-03-01,568,Evening
2026-03-01,881,Midday
2026-03-01,556,Night
2026-03-02,433,Evening
2026-03-02,609,Midday
2026-03-02,075,Night
2026-03-03,465,Evening
2026-03-03,514,Midday
2026-03-03,081,Night
2026-03-04,263,Evening
2026-03-04,990,Midday
2026-03-04,855,Night
2026-03-05,595,Evening
2026-03-05,724,Midday
2026-03-05,550,Night
2026-03-06,027,Evening
2026-03-06,690,Midday
2026-03-06,335,Night
2026-03-07,075,Evening
2026-03-07,924,Midday
2026-03-07,556,Night
2026-03-08,059,Evening
2026-03-08,056,Midday
2026-03-08,191,Night
2026-03-09,619,Evening
2026-03-09,151,Midday
2026-03-09,167,Night
2026-03-10,630,Evening
2026-03-10,975,Midday
2026-03-10,267,Night
2026-03-11,234,Evening
2026-03-11,844,Midday
2026-03-11,963,Night
2026-03-12,786,Evening
2026-03-12,991,Midday
2026-03-12,502,Night
2026-03-13,367,Evening
2026-03-13,632,Midday
2026-03-13,266,Night
2026-03-14,767,Evening
2026-03-14,528,Midday
2026-03-14,760,Night
2026-03-15,487,Evening
2026-03-15,199,Midday
2026-03-15,054,Night
2026-03-16,075,Evening
2026-03-16,909,Midday
2026-03-16,889,Night
2026-03-17,284,Evening
2026-03-17,786,Midday
2026-03-17,093,Night
2026-03-18,669,Evening
2026-03-18,427,Midday
2026-03-18,898,Night
2026-03-19,613,Evening
2026-03-19,277,Midday
2026-03-19,465,Night
2026-03-20,973,Evening
2026-03-20,583,Midday
2026-03-20,643,Night
2026-03-21,056,Evening
2026-03-21,773,Midday
2026-03-21,824,Night
2026-03-22,127,Evening
2026-03-22,168,Midday
2026-03-22,551,Night
2026-03-23,050,Evening
2026-03-23,300,Midday
2026-03-23,898,Night
2026-03-24,049,Evening
2026-03-24,285,Midday
2026-03-24,857,Night
2026-03-25,957,Evening
2026-03-25,682,Midday
2026-03-25,985,Night
2026-03-26,107,Evening
2026-03-26,331,Midday
2026-03-26,455,Night
2026-03-27,115,Evening
2026-03-27,751,Midday
2026-03-27,992,Night
2026-03-28,183,Evening
2026-03-28,844,Midday
2026-03-28,586,Night
2026-03-29,351,Evening
2026-03-29,290,Midday
2026-03-29,683,Night
2026-03-30,936,Evening
2026-03-30,293,Midday
2026-03-30,325,Night
2026-03-31,283,Evening
2026-03-31,981,Midday
2026-03-31,839,Night
2026-04-01,564,Evening
2026-04-01,80,Night
2026-04-02,395,Evening
2026-04-02,297,Midday
2026-04-02,62,Night
2026-04-03,821,Evening
2026-04-03,24,Midday
2026-04-03,193,Night
2026-04-04,666,Evening
2026-04-04,850,Midday
2026-04-04,958,Night
2026-04-05,67,Evening
2026-04-05,126,Midday
2026-04-05,821,Night
2026-04-06,363,Evening
2026-04-06,714,Midday
2026-04-06,414,Night
2026-04-07,567,Evening
2026-04-07,902,Midday
2026-04-07,443,Night
2026-04-08,241,Evening
2026-04-08,709,Midday
2026-04-08,89,Night
2026-04-09,726,Evening
2026-04-09,186,Midday
2026-04-09,567,Night
2026-04-10,586,Evening
2026-04-10,165,Midday
2026-04-10,176,Night
2026-04-11,533,Evening
2026-04-11,215,Midday
2026-04-11,516,Night
2026-04-12,209,Evening
2026-04-12,702,Midday
2026-04-12,246,Night
2026-04-13,794,Evening
2026-04-13,011,Midday
2026-04-13,920,Night
2026-04-14,016,Evening
2026-04-14,006,Midday
2026-04-14,563,Night
2026-04-15,550,Evening
2026-04-15,366,Midday
2026-04-15,721,Night
2026-04-16,463,Evening
2026-04-16,144,Midday
2026-04-16,437,Night
2026-04-17,824,Evening
2026-04-17,812,Midday
2026-04-17,999,Night
2026-04-18,112,Evening
2026-04-18,174,Midday
2026-04-18,490,Night
2026-04-19,537,Evening
2026-04-19,158,Midday
2026-04-19,158,Night
2026-04-20,168,Evening
2026-04-20,869,Midday
2026-04-20,338,Night
2026-04-21,039,Evening
2026-04-21,998,Midday
2026-04-21,869,Night
