date,game,session,winning_numbers,bonus_ball,powerball,megaball,cash_ball
2018-01-01,Cash4Life,Eve,1 1 1 12 31,1.0,,,
2020-01-01,Cash4Life,,49 53 57 59 62,,,,26.0
2020-01-02,Cash4Life,,07 30 39 44 48,,,,4.0
2020-01-03,Cash4Life,,37 41 42 53 63,,,,16.0
2020-01-04,Cash4Life,,04 07 19 26 47,,,,3.0
2020-01-05,Cash4Life,,41 43 45 59 60,,,,4.0
2020-01-06,Cash4Life,,22 32 33 35 43,,,,2.0
2020-01-07,Cash4Life,,25 40 41 52 56,,,,21.0
2020-01-08,Cash4Life,,02 04 07 43 56,,,,22.0
2020-01-09,Cash4Life,,07 17 42 50 51,,,,2.0
2020-01-10,Cash4Life,,01 03 26 27 44,,,,2.0
2020-01-11,Cash4Life,,03 21 23 31 59,,,,3.0
2020-01-12,Cash4Life,,18 23 25 49 51,,,,1.0
2020-01-13,Cash4Life,,07 08 16 20 35,,,,2.0
2020-01-14,Cash4Life,,16 21 28 45 51,,,,4.0
2020-01-15,Cash4Life,,14 16 18 25 46,,,,4.0
2020-01-16,Cash4Life,,01 09 25 38 57,,,,2.0
2020-01-17,Cash4Life,,14 32 37 43 56,,,,1.0
2020-01-18,Cash4Life,,20 24 38 56 68,,,,18.0
2020-01-19,Cash4Life,,19 32 38 51 57,,,,3.0
2020-01-20,Cash4Life,,04 23 54 56 57,,,,4.0
2020-01-21,Cash4Life,,08 15 16 41 55,,,,3.0
2020-01-22,Cash4Life,,02 28 29 45 46,,,,3.0
2020-01-23,Cash4Life,,14 21 24 49 60,,,,3.0
2020-01-24,Cash4Life,,05 13 19 41 57,,,,3.0
2020-01-25,Cash4Life,,02 09 17 36 67,,,,18.0
2020-01-26,Cash4Life,,23 44 48 50 60,,,,2.0
2020-01-27,Cash4Life,,02 19 26 36 55,,,,1.0
2020-01-28,Cash4Life,,04 09 18 20 56,,,,4.0
2020-01-29,Cash4Life,,09 12 15 31 60,,,,2.0
2020-01-30,Cash4Life,,06 11 41 49 58,,,,3.0
2020-01-31,Cash4Life,,28 31 33 57 62,,,,19.0
2020-02-01,Cash4Life,,12 33 54 57 60,,,,13.0
2020-02-02,Cash4Life,,19 22 29 36 60,,,,4.0
2020-02-03,Cash4Life,,08 30 37 58 59,,,,1.0
2020-02-04,Cash4Life,,08 18 20 22 28,,,,4.0
2020-02-05,Cash4Life,,03 15 27 52 54,,,,2.0
2020-02-06,Cash4Life,,04 05 08 25 47,,,,4.0
2020-02-07,Cash4Life,,09 14 27 36 52,,,,4.0
2020-02-08,Cash4Life,,35 49 50 59 66,,,,6.0
2020-02-09,Cash4Life,,04 15 27 45 54,,,,4.0
2020-02-10,Cash4Life,,05 07 21 22 41,,,,1.0
2020-02-11,Cash4Life,,04 06 32 52 64,,,,6.0
2020-02-12,Cash4Life,,14 47 54 55 68,,,,25.0
2020-02-13,Cash4Life,,01 11 27 45 47,,,,4.0
2020-02-14,Cash4Life,,20 42 46 57 59,,,,1.0
2020-02-15,Cash4Life,,16 32 35 36 46,,,,3.0
2020-02-16,Cash4Life,,07 08 10 33 49,,,,1.0
2020-02-17,Cash4Life,,16 31 35 36 37,,,,4.0
2020-02-18,Cash4Life,,06 12 39 61 70,,,,4.0
2020-02-19,Cash4Life,,10 12 15 19 56,,,,19.0
2020-02-20,Cash4Life,,03 09 25 46 49,,,,1.0
2020-02-21,Cash4Life,,04 07 13 16 60,,,,6.0
2020-02-22,Cash4Life,,15 17 20 33 34,,,,3.0
2020-02-23,Cash4Life,,05 26 32 46 50,,,,2.0
2020-02-24,Cash4Life,,04 25 39 44 60,,,,1.0
2020-02-25,Cash4Life,,01 31 34 38 47,,,,4.0
2020-02-26,Cash4Life,,08 27 29 36 47,,,,24.0
2020-02-27,Cash4Life,,04 09 19 31 52,,,,4.0
2020-02-28,Cash4Life,,10 24 27 59 60,,,,2.0
2020-02-29,Cash4Life,,24 44 46 50 51,,,,13.0
2020-03-01,Cash4Life,,05 16 18 42 43,,,,1.0
2020-03-02,Cash4Life,,07 26 35 39 50,,,,4.0
2020-03-03,Cash4Life,,08 12 33 56 64,,,,2.0
2020-03-04,Cash4Life,,18 43 58 60 68,,,,14.0
2020-03-05,Cash4Life,,02 22 32 45 59,,,,3.0
2020-03-06,Cash4Life,,15 48 56 58 70,,,,4.0
2020-03-07,Cash4Life,,18 23 40 41 44,,,,2.0
2020-03-08,Cash4Life,,12 28 34 47 49,,,,1.0
2020-03-09,Cash4Life,,03 04 13 23 47,,,,1.0
2020-03-10,Cash4Life,,04 08 40 42 50,,,,2.0
2020-03-11,Cash4Life,,04 29 49 50 67,,,,2.0
2020-03-12,Cash4Life,,18 26 36 37 38,,,,3.0
2020-03-13,Cash4Life,Eve,3 13 35 3 16,4.0,,,
2020-03-14,Cash4Life,,10 12 17 43 50,,,,2.0
2020-03-15,Cash4Life,,21 24 34 39 46,,,,2.0
2020-03-16,Cash4Life,,10 22 34 50 55,,,,2.0
2020-03-17,Cash4Life,,20 27 28 58 59,,,,25.0
2020-03-18,Cash4Life,,15 27 44 59 63,,,,8.0
2020-03-19,Cash4Life,,08 14 19 44 45,,,,3.0
2020-03-20,Cash4Life,,34 35 41 45 54,,,,5.0
2020-03-21,Cash4Life,,14 20 50 56 57,,,,1.0
2020-03-22,Cash4Life,,01 34 41 43 53,,,,2.0
2020-03-23,Cash4Life,,44 47 52 53 55,,,,1.0
2020-03-24,Cash4Life,,06 15 18 25 49,,,,4.0
2020-03-25,Cash4Life,,05 24 26 40 52,,,,1.0
2020-03-26,Cash4Life,,01 41 42 47 58,,,,2.0
2020-03-27,Cash4Life,,03 08 09 24 39,,,,4.0
2020-03-28,Cash4Life,,07 40 48 55 66,,,,11.0
2020-03-29,Cash4Life,,03 29 38 45 53,,,,1.0
2020-03-30,Cash4Life,,02 07 28 30 52,,,,3.0
2020-03-31,Cash4Life,,08 17 51 57 70,,,,2.0
2020-04-01,Cash4Life,,33 35 45 48 60,,,,16.0
2020-04-02,Cash4Life,Eve,4 2 1 10 10,4.0,,,
2020-04-03,Cash4Life,,24 38 44 57 58,,,,17.0
2020-04-04,Cash4Life,,08 31 39 40 43,,,,4.0
2020-04-05,Cash4Life,,24 40 49 54 57,,,,2.0
2020-04-06,Cash4Life,Eve,4 6 25 4 2,1.0,,,
2020-04-07,Cash4Life,,25 33 43 51 68,,,,20.0
2020-04-08,Cash4Life,,02 37 39 48 54,,,,5.0
2020-04-09,Cash4Life,,05 10 11 52 59,,,,1.0
2020-04-10,Cash4Life,,11 27 45 46 50,,,,3.0
2020-04-11,Cash4Life,,22 29 30 42 47,,,,17.0
2020-04-12,Cash4Life,,04 21 23 29 59,,,,3.0
2020-04-13,Cash4Life,,08 21 54 56 59,,,,3.0
2020-04-14,Cash4Life,,29 30 31 53 54,,,,3.0
2020-04-15,Cash4Life,,14 26 33 42 60,,,,2.0
2020-04-16,Cash4Life,,06 12 18 20 22,,,,1.0
2020-04-17,Cash4Life,,13 35 39 46 55,,,,14.0
2020-04-18,Cash4Life,,04 44 46 56 63,,,,19.0
2020-04-19,Cash4Life,,04 08 24 50 56,,,,3.0
2020-04-20,Cash4Life,,11 17 20 22 52,,,,1.0
2020-04-21,Cash4Life,,13 15 24 67 70,,,,17.0
2020-04-22,Cash4Life,,01 33 35 40 69,,,,24.0
2020-04-24,Cash4Life,,01 27 32 60 67,,,,18.0
2020-04-25,Cash4Life,,01 03 21 47 57,,,,18.0
2020-04-28,Cash4Life,,13 19 53 54 63,,,,17.0
2020-04-29,Cash4Life,,02 20 49 61 67,,,,20.0
2020-05-01,Cash4Life,,28 30 31 35 66,,,,14.0
2020-05-02,Cash4Life,,13 16 33 58 68,,,,24.0
2020-05-05,Cash4Life,,07 13 17 21 45,,,,14.0
2020-05-06,Cash4Life,,07 08 35 50 65,,,,20.0
2020-05-08,Cash4Life,,05 20 22 61 70,,,,4.0
2020-05-09,Cash4Life,,12 18 42 48 65,,,,19.0
2020-05-12,Cash4Life,,13 14 16 23 60,,,,4.0
2020-05-13,Cash4Life,,01 18 21 43 50,,,,1.0
2020-05-14,Cash4Life,,10 34 53 55 59,,,,1.0
2020-05-15,Cash4Life,,02 07 23 26 51,,,,2.0
2020-05-16,Cash4Life,,05 10 17 41 45,,,,3.0
2020-05-17,Cash4Life,,04 07 19 26 57,,,,3.0
2020-05-18,Cash4Life,,06 11 14 31 57,,,,1.0
2020-05-19,Cash4Life,,08 19 25 36 66,,,,9.0
2020-05-20,Cash4Life,,11 29 40 53 57,,,,1.0
2020-05-21,Cash4Life,,11 19 22 24 40,,,,2.0
2020-05-22,Cash4Life,,08 10 20 44 46,,,,18.0
2020-05-23,Cash4Life,,04 05 14 17 24,,,,3.0
2020-05-24,Cash4Life,,12 15 22 50 55,,,,2.0
2020-05-25,Cash4Life,,08 14 42 46 58,,,,3.0
2020-05-26,Cash4Life,,34 52 58 59 62,,,,4.0
2020-05-27,Cash4Life,,03 36 44 53 56,,,,4.0
2020-05-28,Cash4Life,,07 08 12 14 39,,,,2.0
2020-05-29,Cash4Life,,12 21 35 43 46,,,,3.0
2020-05-30,Cash4Life,,13 32 41 58 60,,,,14.0
2020-05-31,Cash4Life,,02 13 29 40 44,,,,2.0
2020-06-01,Cash4Life,,08 17 24 33 48,,,,3.0
2020-06-02,Cash4Life,,06 11 12 29 38,,,,3.0
2020-06-03,Cash4Life,,13 28 38 46 48,,,,1.0
2020-06-04,Cash4Life,Eve,6 4 28 28 6,4.0,,,
2020-06-05,Cash4Life,,32 35 37 47 55,,,,22.0
2020-06-06,Cash4Life,,13 24 32 40 49,,,,3.0
2020-06-07,Cash4Life,,01 09 12 39 51,,,,1.0
2020-06-08,Cash4Life,,06 08 22 30 39,,,,2.0
2020-06-09,Cash4Life,,01 05 09 10 23,,,,22.0
2020-06-10,Cash4Life,,10 33 41 52 54,,,,18.0
2020-06-11,Cash4Life,,20 35 44 50 51,,,,2.0
2020-06-12,Cash4Life,,01 15 20 34 56,,,,2.0
2020-06-13,Cash4Life,,02 12 32 50 65,,,,5.0
2020-06-14,Cash4Life,,06 10 11 19 40,,,,2.0
2020-06-15,Cash4Life,,18 31 34 43 55,,,,2.0
2020-06-16,Cash4Life,,06 15 29 48 56,,,,1.0
2020-06-17,Cash4Life,,10 28 51 54 57,,,,4.0
2020-06-18,Cash4Life,,02 29 30 37 41,,,,3.0
2020-06-19,Cash4Life,,11 34 36 52 66,,,,7.0
2020-06-20,Cash4Life,,05 19 22 50 54,,,,2.0
2020-06-21,Cash4Life,,14 17 20 40 47,,,,2.0
2020-06-22,Cash4Life,,07 14 46 48 58,,,,4.0
2020-06-23,Cash4Life,,11 45 50 52 59,,,,3.0
2020-06-24,Cash4Life,,15 22 27 33 46,,,,23.0
2020-06-25,Cash4Life,,20 37 43 45 50,,,,2.0
2020-06-26,Cash4Life,,19 33 37 56 57,,,,6.0
2020-06-27,Cash4Life,,09 36 49 56 62,,,,8.0
2020-06-28,Cash4Life,,15 23 44 46 54,,,,2.0
2020-06-29,Cash4Life,,10 12 16 17 32,,,,1.0
2020-06-30,Cash4Life,,03 15 30 32 39,,,,4.0
2020-07-01,Cash4Life,,21 31 34 38 47,,,,1.0
2020-07-02,Cash4Life,,11 33 42 54 57,,,,4.0
2020-07-03,Cash4Life,,07 23 28 42 47,,,,1.0
2020-07-04,Cash4Life,,03 09 18 19 20,,,,1.0
2020-07-05,Cash4Life,,11 15 21 52 58,,,,3.0
2020-07-06,Cash4Life,,19 31 33 36 37,,,,4.0
2020-07-07,Cash4Life,,09 12 17 22 37,,,,1.0
2020-07-08,Cash4Life,,04 13 15 19 26,,,,1.0
2020-07-09,Cash4Life,,02 13 14 29 39,,,,1.0
2020-07-10,Cash4Life,,10 15 20 49 53,,,,22.0
2020-07-11,Cash4Life,,05 11 22 27 41,,,,4.0
2020-07-12,Cash4Life,,02 11 13 43 59,,,,4.0
2020-07-13,Cash4Life,,11 12 33 36 49,,,,4.0
2020-07-14,Cash4Life,,06 26 55 56 64,,,,22.0
2020-07-15,Cash4Life,,27 47 61 62 69,,,,4.0
2020-07-16,Cash4Life,,12 21 23 25 57,,,,2.0
2020-07-17,Cash4Life,,12 13 21 46 57,,,,21.0
2020-07-18,Cash4Life,,13 16 32 58 59,,,,9.0
2020-07-19,Cash4Life,,14 27 34 36 45,,,,4.0
2020-07-20,Cash4Life,,24 33 39 40 46,,,,4.0
2020-07-21,Cash4Life,,04 06 16 17 18,,,,4.0
2020-07-22,Cash4Life,,16 25 36 44 55,,,,14.0
2020-07-23,Cash4Life,,08 30 46 47 50,,,,4.0
2020-07-24,Cash4Life,,08 33 39 54 58,,,,17.0
2020-07-25,Cash4Life,,10 22 44 45 59,,,,3.0
2020-07-26,Cash4Life,,04 07 34 50 54,,,,3.0
2020-07-27,Cash4Life,,10 15 32 37 50,,,,2.0
2020-07-28,Cash4Life,,17 20 27 31 34,,,,19.0
2020-07-29,Cash4Life,,08 11 21 36 39,,,,2.0
2020-07-30,Cash4Life,,08 12 18 54 58,,,,1.0
2020-07-31,Cash4Life,,12 35 46 48 69,,,,23.0
2020-08-01,Cash4Life,,13 23 38 48 59,,,,4.0
2020-08-02,Cash4Life,,02 11 19 27 30,,,,4.0
2020-08-03,Cash4Life,,10 15 28 36 48,,,,2.0
2020-08-04,Cash4Life,,16 17 27 31 43,,,,4.0
2020-08-05,Cash4Life,,07 14 17 57 65,,,,24.0
2020-08-06,Cash4Life,,01 19 31 35 55,,,,3.0
2020-08-07,Cash4Life,,04 09 45 57 60,,,,2.0
2020-08-08,Cash4Life,,21 37 41 43 60,,,,1.0
2020-08-09,Cash4Life,,05 13 14 26 59,,,,2.0
2020-08-10,Cash4Life,,02 07 09 20 55,,,,4.0
2020-08-11,Cash4Life,Eve,8 11 20 8 10,1.0,,,
2020-08-12,Cash4Life,,12 19 22 42 56,,,,2.0
2020-08-13,Cash4Life,,25 31 38 48 49,,,,3.0
2020-08-14,Cash4Life,,12 24 35 42 54,,,,2.0
2020-08-15,Cash4Life,,04 10 20 45 54,,,,4.0
2020-08-16,Cash4Life,,10 27 30 38 46,,,,2.0
2020-08-17,Cash4Life,,13 23 26 32 35,,,,4.0
2020-08-18,Cash4Life,,25 31 47 48 59,,,,1.0
2020-08-19,Cash4Life,Eve,8 19 30 8 19,1.0,,,
2020-08-20,Cash4Life,Eve,8 20 5 8 19,2.0,,,
2020-08-21,Cash4Life,,03 30 38 40 60,,,,3.0
2020-08-22,Cash4Life,,08 12 17 25 36,,,,4.0
2020-08-23,Cash4Life,,06 08 27 33 39,,,,4.0
2020-08-24,Cash4Life,,02 04 05 12 22,,,,1.0
2020-08-25,Cash4Life,,01 12 28 47 49,,,,4.0
2020-08-26,Cash4Life,,07 10 15 17 30,,,,3.0
2020-08-27,Cash4Life,,06 26 30 39 41,,,,2.0
2020-08-28,Cash4Life,,27 29 33 34 57,,,,4.0
2020-08-29,Cash4Life,,05 21 22 29 43,,,,10.0
2020-08-30,Cash4Life,,03 12 18 29 33,,,,1.0
2020-08-31,Cash4Life,,12 16 20 34 40,,,,1.0
2020-09-01,Cash4Life,Eve,9 1 1 4 53,4.0,,,
2020-09-02,Cash4Life,Eve,9 2 26 2 9,3.0,,,
2020-09-03,Cash4Life,Eve,9 3 18 1 9,3.0,,,
2020-09-04,Cash4Life,Eve,9 4 20 9 4,1.0,,,
2020-09-05,Cash4Life,,15 21 22 27 47,,,,7.0
2020-09-06,Cash4Life,,10 17 31 35 51,,,,3.0
2020-09-07,Cash4Life,,01 02 20 37 56,,,,3.0
2020-09-08,Cash4Life,Eve,8 25 9 8 1,1.0,,,
2020-09-09,Cash4Life,,27 52 55 60 64,,,,21.0
2020-09-10,Cash4Life,,10 18 24 27 57,,,,3.0
2020-09-11,Cash4Life,,24 27 28 38 53,,,,2.0
2020-09-12,Cash4Life,,16 17 20 53 67,,,,4.0
2020-09-13,Cash4Life,,01 19 27 44 46,,,,1.0
2020-09-14,Cash4Life,,14 35 41 43 60,,,,3.0
2020-09-15,Cash4Life,,06 22 36 37 50,,,,3.0
2020-09-16,Cash4Life,,06 07 30 32 39,,,,3.0
2020-09-17,Cash4Life,,09 15 34 35 59,,,,3.0
2020-09-18,Cash4Life,,26 29 41 52 64,,,,11.0
2020-09-19,Cash4Life,,11 14 23 47 57,,,,14.0
2020-09-20,Cash4Life,,09 12 29 44 57,,,,4.0
2020-09-21,Cash4Life,,06 18 21 51 52,,,,4.0
2020-09-22,Cash4Life,Eve,9 22 12 9 18,2.0,,,
2020-09-23,Cash4Life,,10 28 36 38 45,,,,1.0
2020-09-24,Cash4Life,,18 20 43 45 60,,,,2.0
2020-09-25,Cash4Life,,20 36 37 48 67,,,,16.0
2020-09-26,Cash4Life,,11 21 27 36 62,,,,24.0
2020-09-27,Cash4Life,,04 06 09 50 59,,,,2.0
2020-09-28,Cash4Life,,04 14 16 31 47,,,,4.0
2020-09-29,Cash4Life,,14 39 43 44 67,,,,19.0
2020-09-30,Cash4Life,,14 18 36 49 67,,,,18.0
2020-10-01,Cash4Life,,07 23 37 49 52,,,,3.0
2020-10-02,Cash4Life,,02 26 29 35 53,,,,3.0
2020-10-03,Cash4Life,,05 08 42 45 47,,,,1.0
2020-10-04,Cash4Life,,14 33 36 50 51,,,,3.0
2020-10-05,Cash4Life,,01 03 35 37 42,,,,4.0
2020-10-06,Cash4Life,,02 09 34 43 52,,,,4.0
2020-10-07,Cash4Life,,06 24 30 53 56,,,,19.0
2020-10-08,Cash4Life,,26 31 34 40 52,,,,1.0
2020-10-09,Cash4Life,,16 24 39 48 51,,,,2.0
2020-10-10,Cash4Life,,05 14 20 31 42,,,,3.0
2020-10-11,Cash4Life,,04 14 41 42 54,,,,4.0
2020-10-12,Cash4Life,,02 14 25 32 35,,,,1.0
2020-10-13,Cash4Life,,05 14 35 47 51,,,,1.0
2020-10-14,Cash4Life,,21 37 52 53 58,,,,5.0
2020-10-15,Cash4Life,,24 37 42 57 58,,,,4.0
2020-10-16,Cash4Life,,01 02 20 36 37,,,,1.0
2020-10-17,Cash4Life,,17 18 23 28 33,,,,2.0
2020-10-18,Cash4Life,,10 25 33 37 53,,,,2.0
2020-10-19,Cash4Life,,23 24 30 34 58,,,,3.0
2020-10-20,Cash4Life,,46 54 57 58 66,,,,10.0
2020-10-21,Cash4Life,,01 03 13 44 56,,,,26.0
2020-10-22,Cash4Life,,14 15 26 29 52,,,,1.0
2020-10-23,Cash4Life,,04 13 16 34 40,,,,4.0
2020-10-24,Cash4Life,,18 20 27 45 65,,,,6.0
2020-10-25,Cash4Life,,14 39 44 45 53,,,,4.0
2020-10-26,Cash4Life,,01 06 19 58 59,,,,1.0
2020-10-27,Cash4Life,,01 13 21 30 41,,,,2.0
2020-10-28,Cash4Life,Eve,10 28 7 10 26,4.0,,,
2020-10-29,Cash4Life,,02 31 40 52 53,,,,2.0
2020-10-30,Cash4Life,,14 19 34 39 59,,,,11.0
2020-10-31,Cash4Life,,02 06 40 42 55,,,,24.0
2020-11-01,Cash4Life,,02 12 28 50 60,,,,1.0
2020-11-02,Cash4Life,,13 16 28 36 56,,,,2.0
2020-11-03,Cash4Life,,03 08 09 29 34,,,,1.0
2020-11-04,Cash4Life,,11 23 34 39 54,,,,3.0
2020-11-05,Cash4Life,,05 07 11 17 41,,,,3.0
2020-11-06,Cash4Life,Eve,10 16 11 6 2,2.0,,,
2020-11-07,Cash4Life,,02 03 18 43 49,,,,3.0
2020-11-08,Cash4Life,,19 30 38 41 55,,,,1.0
2020-11-09,Cash4Life,,10 27 40 45 49,,,,1.0
2020-11-10,Cash4Life,,23 45 53 58 62,,,,13.0
2020-11-11,Cash4Life,,13 15 17 45 63,,,,13.0
2020-11-12,Cash4Life,,20 25 38 49 51,,,,3.0
2020-11-13,Cash4Life,,06 07 14 28 59,,,,7.0
2020-11-14,Cash4Life,,07 15 18 32 45,,,,20.0
2020-11-15,Cash4Life,,19 20 32 35 49,,,,1.0
2020-11-16,Cash4Life,,12 16 42 44 59,,,,3.0
2020-11-17,Cash4Life,,15 31 43 45 54,,,,3.0
2020-11-18,Cash4Life,,04 05 17 43 52,,,,5.0
2020-11-19,Cash4Life,,16 17 18 37 58,,,,4.0
2020-11-20,Cash4Life,,26 33 45 61 68,,,,17.0
2020-11-21,Cash4Life,,51 54 57 60 69,,,,11.0
2020-11-22,Cash4Life,,04 25 26 35 36,,,,4.0
2020-11-23,Cash4Life,Eve,11 23 50 11 23,2.0,,,
2020-11-24,Cash4Life,,14 27 46 52 57,,,,1.0
2020-11-25,Cash4Life,,10 18 25 27 56,,,,4.0
2020-11-26,Cash4Life,,04 09 21 27 40,,,,4.0
2020-11-27,Cash4Life,,12 14 20 28 51,,,,3.0
2020-11-28,Cash4Life,,11 13 23 49 58,,,,2.0
2020-11-29,Cash4Life,,09 17 18 28 38,,,,3.0
2020-11-30,Cash4Life,Eve,11 30 12 2 54,3.0,,,
2020-12-01,Cash4Life,,01 02 25 48 53,,,,4.0
2020-12-02,Cash4Life,,28 31 40 41 46,,,,4.0
2020-12-03,Cash4Life,,06 10 14 31 59,,,,2.0
2020-12-04,Cash4Life,,03 19 24 44 50,,,,8.0
2020-12-05,Cash4Life,,08 16 45 48 57,,,,3.0
2020-12-06,Cash4Life,,04 26 30 38 59,,,,1.0
2020-12-07,Cash4Life,,13 16 22 40 49,,,,1.0
2020-12-08,Cash4Life,,15 19 33 39 68,,,,25.0
2020-12-09,Cash4Life,,13 31 37 39 57,,,,4.0
2020-12-10,Cash4Life,,11 23 27 45 49,,,,1.0
2020-12-11,Cash4Life,,25 34 36 49 57,,,,1.0
2020-12-12,Cash4Life,,17 54 56 63 69,,,,20.0
2020-12-13,Cash4Life,,16 32 33 42 53,,,,3.0
2020-12-14,Cash4Life,,06 15 21 33 42,,,,3.0
2020-12-15,Cash4Life,,16 27 42 49 57,,,,1.0
2020-12-16,Cash4Life,,04 23 37 61 67,,,,7.0
2020-12-17,Cash4Life,,11 19 25 35 59,,,,2.0
2020-12-18,Cash4Life,,07 15 25 51 60,,,,5.0
2020-12-19,Cash4Life,,27 32 34 43 52,,,,13.0
2020-12-20,Cash4Life,,20 21 36 47 53,,,,3.0
2020-12-21,Cash4Life,,12 29 32 38 60,,,,1.0
2020-12-22,Cash4Life,,01 05 15 27 46,,,,2.0
2020-12-23,Cash4Life,,06 13 38 39 53,,,,6.0
2020-12-24,Cash4Life,,14 22 32 34 52,,,,2.0
2020-12-25,Cash4Life,,04 26 44 56 57,,,,2.0
2020-12-26,Cash4Life,,03 36 42 51 58,,,,4.0
2020-12-27,Cash4Life,,28 35 36 42 53,,,,2.0
2020-12-28,Cash4Life,,37 44 55 59 60,,,,3.0
2020-12-29,Cash4Life,,01 31 35 48 62,,,,19.0
2020-12-30,Cash4Life,,03 43 45 61 65,,,,14.0
2020-12-31,Cash4Life,,11 28 40 48 57,,,,4.0
2021-01-01,Cash4Life,,08 24 53 68 69,,,,7.0
2021-01-02,Cash4Life,,31 33 35 37 50,,,,3.0
2021-01-03,Cash4Life,,10 15 21 25 30,,,,4.0
2021-01-04,Cash4Life,,03 24 43 47 51,,,,3.0
2021-01-05,Cash4Life,,19 29 45 51 52,,,,2.0
2021-01-06,Cash4Life,,01 20 22 60 66,,,,3.0
2021-01-07,Cash4Life,,32 36 47 55 57,,,,3.0
2021-01-08,Cash4Life,,03 09 22 44 47,,,,2.0
2021-01-09,Cash4Life,,14 26 38 45 46,,,,13.0
2021-01-10,Cash4Life,,05 43 46 49 52,,,,4.0
2021-01-11,Cash4Life,,18 30 41 48 54,,,,1.0
2021-01-12,Cash4Life,,28 32 40 41 44,,,,2.0
2021-01-13,Cash4Life,,04 19 23 25 49,,,,14.0
2021-01-14,Cash4Life,,01 10 17 32 39,,,,1.0
2021-01-15,Cash4Life,,10 18 37 38 51,,,,1.0
2021-01-16,Cash4Life,,15 23 26 32 57,,,,4.0
2021-01-17,Cash4Life,,29 35 42 48 49,,,,1.0
2021-01-18,Cash4Life,,04 06 07 33 53,,,,1.0
2021-01-19,Cash4Life,,12 21 26 33 38,,,,1.0
2021-01-20,Cash4Life,,08 13 14 44 52,,,,4.0
2021-01-21,Cash4Life,,13 16 36 38 53,,,,4.0
2021-01-22,Cash4Life,,02 15 19 41 43,,,,1.0
2021-01-23,Cash4Life,,05 08 17 27 28,,,,14.0
2021-01-24,Cash4Life,,11 25 40 53 59,,,,4.0
2021-01-25,Cash4Life,,24 32 35 43 55,,,,4.0
2021-01-26,Cash4Life,,29 49 56 66 67,,,,24.0
2021-01-27,Cash4Life,,17 33 35 42 52,,,,9.0
2021-01-28,Cash4Life,,03 31 39 57 59,,,,3.0
2021-01-29,Cash4Life,,04 44 58 59 70,,,,3.0
2021-01-30,Cash4Life,,03 31 33 43 44,,,,3.0
2021-01-31,Cash4Life,,05 06 14 35 51,,,,3.0
2021-02-01,Cash4Life,,18 26 33 58 59,,,,4.0
2021-02-02,Cash4Life,,02 06 11 13 56,,,,1.0
2021-02-03,Cash4Life,,05 37 40 64 66,,,,5.0
2021-02-04,Cash4Life,,25 39 42 49 55,,,,1.0
2021-02-05,Cash4Life,,27 31 39 45 48,,,,4.0
2021-02-06,Cash4Life,,22 40 47 52 59,,,,2.0
2021-02-07,Cash4Life,,01 07 16 44 47,,,,2.0
2021-02-08,Cash4Life,,19 27 33 57 59,,,,1.0
2021-02-09,Cash4Life,,27 35 38 52 57,,,,2.0
2021-02-10,Cash4Life,,15 39 58 63 67,,,,7.0
2021-02-11,Cash4Life,,08 09 24 32 36,,,,2.0
2021-02-12,Cash4Life,,30 37 40 58 60,,,,3.0
2021-02-13,Cash4Life,,20 28 33 63 68,,,,20.0
2021-02-14,Cash4Life,,16 22 50 52 57,,,,4.0
2021-02-15,Cash4Life,,08 18 21 28 46,,,,3.0
2021-02-16,Cash4Life,,01 36 44 54 66,,,,10.0
2021-02-17,Cash4Life,,03 12 39 52 57,,,,4.0
2021-02-18,Cash4Life,,20 27 32 41 55,,,,2.0
2021-02-19,Cash4Life,,27 32 47 50 53,,,,4.0
2021-02-20,Cash4Life,,06 36 49 51 54,,,,3.0
2021-02-21,Cash4Life,,06 09 44 51 54,,,,2.0
2021-02-22,Cash4Life,,21 22 24 28 41,,,,4.0
2021-02-23,Cash4Life,,05 07 09 20 57,,,,15.0
2021-02-24,Cash4Life,,04 33 43 53 65,,,,21.0
2021-02-25,Cash4Life,,06 08 47 52 54,,,,3.0
2021-02-26,Cash4Life,,12 16 32 36 51,,,,4.0
2021-02-27,Cash4Life,,08 18 33 38 53,,,,1.0
2021-02-28,Cash4Life,,02 16 23 48 60,,,,4.0
2021-03-01,Cash4Life,,01 07 45 50 53,,,,2.0
2021-03-02,Cash4Life,,26 44 49 51 54,,,,1.0
2021-03-03,Cash4Life,,21 40 44 50 55,,,,16.0
2021-03-04,Cash4Life,,27 40 42 55 57,,,,4.0
2021-03-05,Cash4Life,,10 11 17 27 54,,,,20.0
2021-03-06,Cash4Life,,11 31 50 52 58,,,,18.0
2021-03-07,Cash4Life,,21 26 39 55 57,,,,3.0
2021-03-08,Cash4Life,,10 17 26 51 52,,,,1.0
2021-03-09,Cash4Life,,06 16 25 40 49,,,,1.0
2021-03-10,Cash4Life,,03 05 18 28 31,,,,2.0
2021-03-11,Cash4Life,,09 19 26 27 57,,,,2.0
2021-03-12,Cash4Life,,02 24 25 31 65,,,,18.0
2021-03-13,Cash4Life,,05 11 51 56 61,,,,2.0
2021-03-14,Cash4Life,,05 09 16 53 57,,,,1.0
2021-03-15,Cash4Life,,04 12 37 46 60,,,,4.0
2021-03-16,Cash4Life,,21 44 45 53 58,,,,3.0
2021-03-17,Cash4Life,,03 26 27 34 36,,,,2.0
2021-03-18,Cash4Life,,09 21 22 37 59,,,,1.0
2021-03-19,Cash4Life,,09 14 40 58 69,,,,8.0
2021-03-20,Cash4Life,,01 06 22 42 61,,,,4.0
2021-03-21,Cash4Life,,02 16 41 55 58,,,,2.0
2021-03-22,Cash4Life,,09 26 31 47 58,,,,2.0
2021-03-23,Cash4Life,,04 06 12 20 51,,,,4.0
2021-03-24,Cash4Life,,13 14 15 16 41,,,,2.0
2021-03-25,Cash4Life,,01 03 13 28 49,,,,3.0
2021-03-26,Cash4Life,,05 12 24 42 59,,,,3.0
2021-03-27,Cash4Life,,06 14 38 39 65,,,,6.0
2021-03-28,Cash4Life,,02 03 07 19 49,,,,1.0
2021-03-29,Cash4Life,,05 28 35 39 60,,,,1.0
2021-03-30,Cash4Life,,11 37 47 53 56,,,,15.0
2021-03-31,Cash4Life,,02 27 35 46 55,,,,2.0
2021-04-01,Cash4Life,,19 36 41 46 55,,,,1.0
2021-04-02,Cash4Life,,10 42 48 53 62,,,,19.0
2021-04-03,Cash4Life,,02 05 24 44 57,,,,2.0
2021-04-04,Cash4Life,,11 17 18 26 54,,,,1.0
2021-04-05,Cash4Life,,19 21 26 39 52,,,,3.0
2021-04-06,Cash4Life,,01 19 20 32 42,,,,17.0
2021-04-07,Cash4Life,,31 33 39 48 50,,,,4.0
2021-04-08,Cash4Life,,09 16 42 54 58,,,,2.0
2021-04-09,Cash4Life,,04 09 35 40 57,,,,1.0
2021-04-10,Cash4Life,,29 30 35 51 55,,,,4.0
2021-04-11,Cash4Life,,01 08 19 39 50,,,,1.0
2021-04-12,Cash4Life,,04 23 26 37 56,,,,3.0
2021-04-13,Cash4Life,,10 15 19 45 68,,,,9.0
2021-04-14,Cash4Life,,02 12 25 56 57,,,,2.0
2021-04-15,Cash4Life,,18 24 44 46 49,,,,4.0
2021-04-16,Cash4Life,,04 11 22 33 36,,,,3.0
2021-04-17,Cash4Life,,15 18 46 48 50,,,,1.0
2021-04-18,Cash4Life,,16 41 46 52 57,,,,3.0
2021-04-19,Cash4Life,,01 06 14 18 33,,,,1.0
2021-04-20,Cash4Life,,06 23 43 49 52,,,,5.0
2021-04-21,Cash4Life,,12 14 22 23 32,,,,1.0
2021-04-22,Cash4Life,,04 08 13 40 59,,,,1.0
2021-04-23,Cash4Life,,13 19 22 35 50,,,,4.0
2021-04-24,Cash4Life,,13 14 35 38 40,,,,2.0
2021-04-25,Cash4Life,,06 10 21 44 50,,,,1.0
2021-04-26,Cash4Life,,07 16 30 34 46,,,,4.0
2021-04-27,Cash4Life,,15 22 30 41 42,,,,25.0
2021-04-28,Cash4Life,,04 22 24 52 59,,,,4.0
2021-04-29,Cash4Life,,04 29 40 41 47,,,,1.0
2021-04-30,Cash4Life,,09 10 32 52 60,,,,1.0
2021-05-01,Cash4Life,,35 36 47 61 63,,,,3.0
2021-05-02,Cash4Life,,24 30 50 52 55,,,,4.0
2021-05-03,Cash4Life,,13 18 27 28 60,,,,2.0
2021-05-04,Cash4Life,,04 27 32 57 63,,,,22.0
2021-05-05,Cash4Life,,16 23 28 40 63,,,,1.0
2021-05-06,Cash4Life,,06 09 16 20 25,,,,4.0
2021-05-07,Cash4Life,,14 20 21 30 47,,,,2.0
2021-05-08,Cash4Life,,12 17 20 21 26,,,,8.0
2021-05-09,Cash4Life,,04 14 33 35 37,,,,3.0
2021-05-10,Cash4Life,,37 42 44 45 52,,,,4.0
2021-05-11,Cash4Life,,06 21 25 56 57,,,,2.0
2021-05-12,Cash4Life,,32 40 41 54 56,,,,2.0
2021-05-13,Cash4Life,,09 33 37 47 55,,,,3.0
2021-05-14,Cash4Life,,03 05 26 35 60,,,,1.0
2021-05-15,Cash4Life,,08 15 24 41 49,,,,3.0
2021-05-16,Cash4Life,,02 05 08 37 41,,,,3.0
2021-05-17,Cash4Life,,31 43 44 46 58,,,,1.0
2021-05-18,Cash4Life,,03 05 56 61 66,,,,4.0
2021-05-19,Cash4Life,,05 07 24 29 31,,,,2.0
2021-05-20,Cash4Life,,01 21 23 50 55,,,,4.0
2021-05-21,Cash4Life,,06 09 17 18 48,,,,8.0
2021-05-22,Cash4Life,,10 18 22 38 54,,,,2.0
2021-05-23,Cash4Life,,08 24 31 39 44,,,,2.0
2021-05-24,Cash4Life,,08 15 19 39 55,,,,2.0
2021-05-25,Cash4Life,,01 16 28 38 41,,,,4.0
2021-05-26,Cash4Life,,02 08 21 34 62,,,,16.0
2021-05-27,Cash4Life,,05 14 21 38 42,,,,3.0
2021-05-28,Cash4Life,,10 14 20 47 70,,,,15.0
2021-05-29,Cash4Life,,06 27 44 51 52,,,,1.0
2021-05-30,Cash4Life,,09 12 34 40 43,,,,2.0
2021-05-31,Cash4Life,,19 22 43 46 54,,,,4.0
2021-06-01,Cash4Life,,07 11 33 58 63,,,,23.0
2021-06-02,Cash4Life,,40 44 46 51 54,,,,3.0
2021-06-03,Cash4Life,,05 07 14 29 40,,,,2.0
2021-06-04,Cash4Life,,06 30 33 49 52,,,,4.0
2021-06-05,Cash4Life,,44 52 54 64 69,,,,26.0
2021-06-06,Cash4Life,,16 25 34 47 51,,,,4.0
2021-06-07,Cash4Life,,06 14 25 28 33,,,,1.0
2021-06-08,Cash4Life,,04 07 09 10 41,,,,4.0
2021-06-09,Cash4Life,,19 21 29 52 56,,,,2.0
2021-06-10,Cash4Life,,13 19 22 36 55,,,,1.0
2021-06-11,Cash4Life,,08 24 47 48 56,,,,2.0
2021-06-12,Cash4Life,,08 25 34 38 41,,,,10.0
2021-06-13,Cash4Life,,02 08 24 26 43,,,,3.0
2021-06-14,Cash4Life,,18 20 45 57 60,,,,4.0
2021-06-15,Cash4Life,,18 22 27 38 52,,,,11.0
2021-06-16,Cash4Life,,19 29 34 44 50,,,,25.0
2021-06-17,Cash4Life,,03 18 23 50 53,,,,4.0
2021-06-18,Cash4Life,,14 36 44 46 53,,,,18.0
2021-06-19,Cash4Life,,09 12 13 39 54,,,,1.0
2021-06-20,Cash4Life,,21 39 41 45 58,,,,2.0
2021-06-21,Cash4Life,,26 29 41 57 60,,,,4.0
2021-06-22,Cash4Life,,05 07 17 19 33,,,,2.0
2021-06-23,Cash4Life,,13 20 40 51 63,,,,1.0
2021-06-24,Cash4Life,,13 39 41 48 50,,,,4.0
2021-06-25,Cash4Life,,09 28 44 46 53,,,,3.0
2021-06-26,Cash4Life,,03 13 33 41 48,,,,2.0
2021-06-27,Cash4Life,,06 35 36 38 39,,,,4.0
2021-06-28,Cash4Life,,10 19 38 52 60,,,,2.0
2021-06-29,Cash4Life,,07 38 50 52 69,,,,21.0
2021-06-30,Cash4Life,,01 27 29 41 44,,,,4.0
2021-07-01,Cash4Life,,05 32 45 46 54,,,,3.0
2021-07-02,Cash4Life,,01 09 12 13 20,,,,1.0
2021-07-03,Cash4Life,,05 14 28 39 40,,,,2.0
2021-07-04,Cash4Life,,01 03 06 25 48,,,,4.0
2021-07-05,Cash4Life,,03 10 21 28 51,,,,4.0
2021-07-06,Cash4Life,,18 25 30 41 49,,,,2.0
2021-07-07,Cash4Life,,08 21 30 49 57,,,,8.0
2021-07-08,Cash4Life,,01 08 15 21 48,,,,2.0
2021-07-09,Cash4Life,,18 29 40 42 56,,,,2.0
2021-07-10,Cash4Life,,01 05 29 54 62,,,,3.0
2021-07-11,Cash4Life,,12 16 40 54 60,,,,2.0
2021-07-12,Cash4Life,,12 16 54 56 58,,,,2.0
2021-07-13,Cash4Life,,03 10 17 26 55,,,,24.0
2021-07-14,Cash4Life,,33 46 52 59 62,,,,10.0
2021-07-15,Cash4Life,,11 21 39 40 60,,,,1.0
2021-07-16,Cash4Life,,24 25 47 52 57,,,,24.0
2021-07-17,Cash4Life,,15 22 38 54 66,,,,3.0
2021-07-18,Cash4Life,,01 31 40 49 55,,,,3.0
2021-07-19,Cash4Life,,08 15 16 23 41,,,,2.0
2021-07-20,Cash4Life,Eve,7 20 7 14 10,2.0,,,
2021-07-21,Cash4Life,,11 28 45 47 52,,,,3.0
2021-07-22,Cash4Life,,36 50 51 52 55,,,,1.0
2021-07-23,Cash4Life,,03 29 37 42 46,,,,2.0
2021-07-24,Cash4Life,,01 04 11 59 67,,,,10.0
2021-07-25,Cash4Life,,16 34 39 42 51,,,,1.0
2021-07-26,Cash4Life,,09 16 25 27 32,,,,1.0
2021-07-27,Cash4Life,,12 20 22 55 59,,,,3.0
2021-07-28,Cash4Life,,08 11 12 13 23,,,,1.0
2021-07-29,Cash4Life,,04 18 26 34 42,,,,2.0
2021-07-30,Cash4Life,,02 12 15 33 46,,,,1.0
2021-07-31,Cash4Life,,01 21 22 34 47,,,,4.0
2021-08-01,Cash4Life,,11 30 33 47 60,,,,1.0
2021-08-02,Cash4Life,,18 46 48 50 54,,,,4.0
2021-08-03,Cash4Life,,25 42 48 49 53,,,,4.0
2021-08-04,Cash4Life,,05 21 32 36 58,,,,14.0
2021-08-05,Cash4Life,,04 10 11 34 59,,,,4.0
2021-08-06,Cash4Life,,09 18 40 46 69,,,,9.0
2021-08-07,Cash4Life,,07 24 36 54 60,,,,23.0
2021-08-08,Cash4Life,,06 23 31 44 48,,,,2.0
2021-08-09,Cash4Life,,03 06 29 32 35,,,,1.0
2021-08-10,Cash4Life,,29 45 50 59 62,,,,12.0
2021-08-11,Cash4Life,,05 10 13 43 52,,,,1.0
2021-08-12,Cash4Life,,09 10 15 28 46,,,,3.0
2021-08-13,Cash4Life,,10 27 41 51 58,,,,1.0
2021-08-14,Cash4Life,,06 21 49 65 67,,,,18.0
2021-08-15,Cash4Life,,06 09 16 47 54,,,,4.0
2021-08-16,Cash4Life,,12 13 32 36 53,,,,2.0
2021-08-17,Cash4Life,,09 14 15 36 54,,,,4.0
2021-08-18,Cash4Life,,22 39 45 51 53,,,,3.0
2021-08-19,Cash4Life,,03 28 33 43 51,,,,3.0
2021-08-20,Cash4Life,,41 43 51 57 70,,,,1.0
2021-08-21,Cash4Life,,21 38 48 54 56,,,,2.0
2021-08-22,Cash4Life,,20 27 31 37 39,,,,3.0
2021-08-23,Cash4Life,,03 26 27 38 51,,,,1.0
2021-08-24,Cash4Life,,17 18 26 52 67,,,,19.0
2021-08-25,Cash4Life,,03 27 28 37 59,,,,4.0
2021-08-26,Cash4Life,,01 04 11 46 52,,,,2.0
2021-08-27,Cash4Life,,01 10 44 47 56,,,,23.0
2021-08-28,Cash4Life,,01 18 28 32 36,,,,3.0
2021-08-29,Cash4Life,,01 05 26 40 59,,,,4.0
2021-08-30,Cash4Life,,03 15 45 51 61,,,,8.0
2021-08-31,Cash4Life,,05 08 13 15 32,,,,3.0
2021-09-01,Cash4Life,,10 20 29 48 51,,,,17.0
2021-09-02,Cash4Life,,10 13 26 34 55,,,,2.0
2021-09-03,Cash4Life,,07 10 12 61 65,,,,3.0
2021-09-04,Cash4Life,,10 22 33 38 54,,,,4.0
2021-09-05,Cash4Life,,06 22 33 36 56,,,,1.0
2021-09-06,Cash4Life,,11 31 39 42 46,,,,3.0
2021-09-07,Cash4Life,,06 12 30 34 58,,,,2.0
2021-09-08,Cash4Life,,09 22 41 47 61,,,,21.0
2021-09-09,Cash4Life,,03 23 30 55 58,,,,1.0
2021-09-10,Cash4Life,,09 12 15 28 58,,,,1.0
2021-09-11,Cash4Life,,12 18 31 39 60,,,,1.0
2021-09-12,Cash4Life,,01 02 13 44 51,,,,1.0
2021-09-13,Cash4Life,,37 40 50 61 63,,,,21.0
2021-09-14,Cash4Life,,04 13 19 63 64,,,,16.0
2021-09-15,Cash4Life,,01 04 18 46 62,,,,25.0
2021-09-16,Cash4Life,,31 39 49 55 59,,,,2.0
2021-09-17,Cash4Life,,17 32 40 59 61,,,,18.0
2021-09-18,Cash4Life,,05 36 39 45 57,,,,11.0
2021-09-19,Cash4Life,,02 24 26 35 43,,,,4.0
2021-09-20,Cash4Life,,24 26 29 43 52,,,,2.0
2021-09-21,Cash4Life,,04 10 22 38 46,,,,4.0
2021-09-22,Cash4Life,,20 30 47 50 55,,,,4.0
2021-09-23,Cash4Life,,18 27 29 55 58,,,,1.0
2021-09-24,Cash4Life,,15 18 23 36 44,,,,2.0
2021-09-25,Cash4Life,,22 23 37 62 63,,,,19.0
2021-09-26,Cash4Life,,08 09 16 33 37,,,,4.0
2021-09-27,Cash4Life,,21 22 39 44 60,,,,12.0
2021-09-28,Cash4Life,,18 30 43 68 69,,,,22.0
2021-09-29,Cash4Life,,17 20 22 32 56,,,,3.0
2021-09-30,Cash4Life,,15 18 20 21 52,,,,4.0
2021-10-01,Cash4Life,,04 20 39 40 60,,,,3.0
2021-10-02,Cash4Life,,02 14 17 26 55,,,,1.0
2021-10-03,Cash4Life,,18 24 50 52 59,,,,1.0
2021-10-04,Cash4Life,,12 22 54 66 69,,,,15.0
2021-10-05,Cash4Life,,07 11 18 30 36,,,,4.0
2021-10-06,Cash4Life,,02 10 14 28 31,,,,3.0
2021-10-07,Cash4Life,,06 10 21 38 48,,,,2.0
2021-10-08,Cash4Life,,16 26 38 42 56,,,,2.0
2021-10-09,Cash4Life,,09 12 28 48 57,,,,1.0
2021-10-10,Cash4Life,,22 23 40 46 55,,,,4.0
2021-10-11,Cash4Life,,01 08 17 38 47,,,,3.0
2021-10-12,Cash4Life,,09 20 22 53 57,,,,1.0
2021-10-13,Cash4Life,,08 10 14 15 35,,,,1.0
2021-10-14,Cash4Life,,07 08 34 55 56,,,,3.0
2021-10-15,Cash4Life,,03 20 31 34 65,,,,18.0
2021-10-16,Cash4Life,,04 25 26 44 58,,,,4.0
2021-10-17,Cash4Life,,14 19 25 27 39,,,,2.0
2021-10-18,Cash4Life,,07 13 34 38 59,,,,4.0
2021-10-19,Cash4Life,,09 32 34 35 52,,,,2.0
2021-10-20,Cash4Life,,03 05 28 33 42,,,,4.0
2021-10-21,Cash4Life,,07 20 35 52 60,,,,2.0
2021-10-22,Cash4Life,,16 46 51 52 54,,,,2.0
2021-10-23,Cash4Life,,08 24 32 34 46,,,,3.0
2021-10-24,Cash4Life,,09 13 30 36 40,,,,4.0
2021-10-25,Cash4Life,,10 27 29 44 58,,,,24.0
2021-10-26,Cash4Life,,03 05 23 37 46,,,,4.0
2021-10-27,Cash4Life,,19 26 54 55 60,,,,4.0
2021-10-28,Cash4Life,,06 08 09 10 42,,,,1.0
2021-10-29,Cash4Life,,29 34 39 47 54,,,,1.0
2021-10-30,Cash4Life,,05 23 28 43 56,,,,19.0
2021-10-31,Cash4Life,,31 35 48 57 58,,,,4.0
2021-11-01,Cash4Life,,09 25 34 44 45,,,,8.0
2021-11-02,Cash4Life,,15 28 33 39 50,,,,3.0
2021-11-03,Cash4Life,,10 36 45 46 60,,,,1.0
2021-11-04,Cash4Life,,07 37 47 53 55,,,,3.0
2021-11-05,Cash4Life,,08 30 31 43 51,,,,2.0
2021-11-06,Cash4Life,,34 39 44 50 53,,,,1.0
2021-11-07,Cash4Life,,09 11 27 45 58,,,,4.0
2021-11-08,Cash4Life,,21 46 47 57 62,,,,8.0
2021-11-09,Cash4Life,,09 14 16 26 49,,,,14.0
2021-11-10,Cash4Life,,19 25 43 46 48,,,,14.0
2021-11-11,Cash4Life,,05 21 31 45 47,,,,3.0
2021-11-12,Cash4Life,,30 32 42 46 48,,,,15.0
2021-11-13,Cash4Life,,07 17 31 47 51,,,,4.0
2021-11-14,Cash4Life,,06 27 37 50 57,,,,3.0
2021-11-15,Cash4Life,,05 31 34 51 53,,,,23.0
2021-11-16,Cash4Life,,06 22 44 53 65,,,,3.0
2021-11-17,Cash4Life,,03 16 48 52 60,,,,1.0
2021-11-18,Cash4Life,,18 24 31 47 60,,,,3.0
2021-11-19,Cash4Life,,05 23 52 53 59,,,,18.0
2021-11-20,Cash4Life,,09 16 23 31 58,,,,1.0
2021-11-21,Cash4Life,,04 05 06 11 48,,,,3.0
2021-11-22,Cash4Life,,07 20 29 38 67,,,,22.0
2021-11-23,Cash4Life,,25 27 30 41 56,,,,1.0
2021-11-24,Cash4Life,,03 05 11 16 55,,,,3.0
2021-11-25,Cash4Life,,24 39 40 43 46,,,,2.0
2021-11-26,Cash4Life,,07 27 37 42 59,,,,2.0
2021-11-27,Cash4Life,,04 05 08 55 56,,,,1.0
2021-11-28,Cash4Life,,02 09 18 35 41,,,,2.0
2021-11-29,Cash4Life,,18 26 28 38 47,,,,17.0
2021-11-30,Cash4Life,,11 13 44 47 51,,,,4.0
2021-12-01,Cash4Life,,12 15 38 57 63,,,,24.0
2021-12-02,Cash4Life,,40 45 47 55 58,,,,1.0
2021-12-03,Cash4Life,,22 45 48 58 61,,,,13.0
2021-12-04,Cash4Life,,08 11 25 45 48,,,,2.0
2021-12-05,Cash4Life,,14 20 31 32 34,,,,1.0
2021-12-06,Cash4Life,,19 25 42 52 55,,,,1.0
2021-12-07,Cash4Life,,01 07 40 43 68,,,,1.0
2021-12-08,Cash4Life,,16 25 45 48 55,,,,4.0
2021-12-09,Cash4Life,,17 25 34 38 49,,,,2.0
2021-12-10,Cash4Life,,23 25 40 42 60,,,,8.0
2021-12-11,Cash4Life,,03 11 17 44 53,,,,1.0
2021-12-12,Cash4Life,,01 05 13 37 38,,,,2.0
2021-12-13,Cash4Life,,10 30 37 53 59,,,,4.0
2021-12-14,Cash4Life,,33 35 44 55 69,,,,20.0
2021-12-15,Cash4Life,,19 20 40 42 59,,,,15.0
2021-12-16,Cash4Life,,12 16 34 45 57,,,,1.0
2021-12-17,Cash4Life,,21 32 38 48 62,,,,10.0
2021-12-18,Cash4Life,,02 06 24 51 61,,,,1.0
2021-12-19,Cash4Life,,07 32 34 42 51,,,,3.0
2021-12-20,Cash4Life,,02 13 23 34 66,,,,2.0
2021-12-21,Cash4Life,,03 17 30 40 45,,,,1.0
2021-12-22,Cash4Life,,02 14 16 21 59,,,,4.0
2021-12-23,Cash4Life,,14 19 30 31 43,,,,3.0
2021-12-24,Cash4Life,,12 15 32 58 60,,,,2.0
2021-12-25,Cash4Life,,08 09 16 33 38,,,,1.0
2021-12-26,Cash4Life,,18 23 27 37 52,,,,3.0
2021-12-27,Cash4Life,,36 38 45 62 64,,,,19.0
2021-12-28,Cash4Life,,03 05 08 31 38,,,,4.0
2021-12-29,Cash4Life,,02 06 09 33 39,,,,11.0
2021-12-30,Cash4Life,,06 25 43 55 56,,,,3.0
2021-12-31,Cash4Life,,08 13 34 46 60,,,,2.0
2022-01-01,Cash4Life,,06 12 39 48 50,,,,7.0
2022-01-02,Cash4Life,,08 14 19 27 28,,,,2.0
2022-01-03,Cash4Life,,02 39 42 47 50,,,,4.0
2022-01-04,Cash4Life,,05 13 19 20 29,,,,2.0
2022-01-05,Cash4Life,,06 14 25 33 46,,,,17.0
2022-01-06,Cash4Life,,01 13 15 28 52,,,,1.0
2022-01-07,Cash4Life,,22 23 45 54 55,,,,3.0
2022-01-08,Cash4Life,,20 33 34 40 59,,,,3.0
2022-01-09,Cash4Life,,20 32 33 42 52,,,,4.0
2022-01-10,Cash4Life,,01 03 29 34 39,,,,3.0
2022-01-11,Cash4Life,,04 26 46 53 58,,,,4.0
2022-01-12,Cash4Life,,12 21 22 30 33,,,,24.0
2022-01-13,Cash4Life,,22 34 38 42 50,,,,1.0
2022-01-14,Cash4Life,,15 19 29 37 58,,,,2.0
2022-01-15,Cash4Life,,06 10 30 35 60,,,,2.0
2022-01-16,Cash4Life,,19 36 42 54 59,,,,3.0
2022-01-17,Cash4Life,,01 19 36 43 53,,,,2.0
2022-01-18,Cash4Life,,04 19 39 42 52,,,,9.0
2022-01-19,Cash4Life,,11 15 43 55 61,,,,10.0
2022-01-20,Cash4Life,,05 26 38 46 58,,,,1.0
2022-01-21,Cash4Life,,05 21 24 36 46,,,,2.0
2022-01-22,Cash4Life,,06 22 29 51 52,,,,1.0
2022-01-23,Cash4Life,,02 22 26 34 48,,,,4.0
2022-01-24,Cash4Life,,12 14 24 42 53,,,,3.0
2022-01-25,Cash4Life,,14 15 19 30 38,,,,3.0
2022-01-26,Cash4Life,,04 11 38 49 69,,,,16.0
2022-01-27,Cash4Life,,19 39 43 49 51,,,,3.0
2022-01-28,Cash4Life,,03 16 25 44 55,,,,13.0
2022-01-29,Cash4Life,,02 15 38 54 65,,,,11.0
2022-01-30,Cash4Life,,13 33 46 47 49,,,,2.0
2022-01-31,Cash4Life,,01 11 24 37 54,,,,3.0
2022-02-01,Cash4Life,,20 24 30 41 53,,,,4.0
2022-02-02,Cash4Life,,17 21 22 28 44,,,,3.0
2022-02-03,Cash4Life,,11 25 28 34 37,,,,4.0
2022-02-04,Cash4Life,,07 16 34 44 61,,,,24.0
2022-02-05,Cash4Life,,05 16 27 39 61,,,,24.0
2022-02-06,Cash4Life,,02 03 14 20 26,,,,1.0
2022-02-07,Cash4Life,,18 20 22 43 59,,,,3.0
2022-02-08,Cash4Life,,01 17 20 52 54,,,,2.0
2022-02-09,Cash4Life,,09 12 24 32 40,,,,3.0
2022-02-10,Cash4Life,,03 28 36 46 53,,,,1.0
2022-02-11,Cash4Life,,19 20 25 55 57,,,,2.0
2022-02-12,Cash4Life,,20 21 25 30 41,,,,2.0
2022-02-13,Cash4Life,,06 16 31 46 50,,,,1.0
2022-02-14,Cash4Life,,18 22 29 37 40,,,,1.0
2022-02-15,Cash4Life,,14 27 36 41 53,,,,4.0
2022-02-16,Cash4Life,,02 07 14 21 25,,,,1.0
2022-02-17,Cash4Life,,09 11 14 21 35,,,,2.0
2022-02-18,Cash4Life,,13 34 43 48 52,,,,2.0
2022-02-19,Cash4Life,,02 21 31 45 59,,,,1.0
2022-02-20,Cash4Life,,13 15 24 25 54,,,,2.0
2022-02-21,Cash4Life,,04 40 42 54 58,,,,3.0
2022-02-22,Cash4Life,,04 14 16 17 52,,,,4.0
2022-02-23,Cash4Life,,27 36 40 46 53,,,,3.0
2022-02-24,Cash4Life,,16 21 27 56 58,,,,2.0
2022-02-25,Cash4Life,,15 31 40 56 66,,,,4.0
2022-02-26,Cash4Life,,04 42 44 51 54,,,,4.0
2022-02-27,Cash4Life,,32 36 41 58 60,,,,4.0
2022-02-28,Cash4Life,,17 21 27 30 54,,,,2.0
2022-03-01,Cash4Life,,29 31 39 48 59,,,,1.0
2022-03-02,Cash4Life,,07 30 45 47 54,,,,3.0
2022-03-03,Cash4Life,,10 28 31 32 58,,,,4.0
2022-03-04,Cash4Life,,11 19 28 46 47,,,,5.0
2022-03-05,Cash4Life,,17 37 40 42 45,,,,2.0
2022-03-06,Cash4Life,,08 13 39 55 59,,,,3.0
2022-03-07,Cash4Life,,12 13 15 26 55,,,,1.0
2022-03-08,Cash4Life,,07 18 38 58 64,,,,24.0
2022-03-09,Cash4Life,,13 22 34 51 67,,,,10.0
2022-03-10,Cash4Life,,09 13 43 53 55,,,,2.0
2022-03-11,Cash4Life,,06 21 31 36 59,,,,1.0
2022-03-12,Cash4Life,,04 34 38 39 44,,,,2.0
2022-03-13,Cash4Life,,07 15 16 18 60,,,,1.0
2022-03-14,Cash4Life,,09 19 27 45 55,,,,4.0
2022-03-15,Cash4Life,,09 14 28 59 60,,,,24.0
2022-03-16,Cash4Life,,10 11 13 26 29,,,,4.0
2022-03-17,Cash4Life,,05 09 14 34 58,,,,3.0
2022-03-18,Cash4Life,,07 10 13 41 60,,,,1.0
2022-03-19,Cash4Life,Eve,3 19 3 25 4,1.0,,,
2022-03-20,Cash4Life,,05 06 12 26 40,,,,1.0
2022-03-21,Cash4Life,,01 15 26 63 65,,,,16.0
2022-03-22,Cash4Life,,08 15 21 27 61,,,,8.0
2022-03-23,Cash4Life,,12 21 25 46 50,,,,4.0
2022-03-24,Cash4Life,,35 46 47 49 56,,,,4.0
2022-03-25,Cash4Life,,03 13 42 51 58,,,,17.0
2022-03-26,Cash4Life,,03 15 38 42 48,,,,3.0
2022-03-27,Cash4Life,,12 18 26 42 58,,,,3.0
2022-03-28,Cash4Life,,08 17 24 44 48,,,,4.0
2022-03-29,Cash4Life,,07 22 36 45 47,,,,12.0
2022-03-30,Cash4Life,,03 07 21 31 37,,,,11.0
2022-03-31,Cash4Life,,01 02 27 29 30,,,,3.0
2022-04-01,Cash4Life,,26 42 47 48 63,,,,21.0
2022-04-02,Cash4Life,,03 14 16 33 52,,,,2.0
2022-04-03,Cash4Life,,03 07 14 26 39,,,,1.0
2022-04-04,Cash4Life,Eve,4 4 54 10 4,4.0,,,
2022-04-05,Cash4Life,,22 43 60 63 64,,,,18.0
2022-04-06,Cash4Life,Eve,3 23 4 6 54,4.0,,,
2022-04-07,Cash4Life,Eve,4 7 59 2 3,4.0,,,
2022-04-08,Cash4Life,,21 25 45 46 54,,,,2.0
2022-04-09,Cash4Life,,06 16 31 62 66,,,,18.0
2022-04-10,Cash4Life,,04 22 25 28 38,,,,2.0
2022-04-11,Cash4Life,,14 37 38 54 59,,,,2.0
2022-04-12,Cash4Life,Eve,4 12 44 1 1,4.0,,,
2022-04-13,Cash4Life,,02 04 34 38 60,,,,2.0
2022-04-14,Cash4Life,,15 16 26 27 46,,,,4.0
2022-04-15,Cash4Life,,28 34 44 53 56,,,,3.0
2022-04-16,Cash4Life,,03 13 28 42 59,,,,2.0
2022-04-17,Cash4Life,,14 27 40 57 59,,,,1.0
2022-04-18,Cash4Life,,08 33 55 59 62,,,,18.0
2022-04-19,Cash4Life,,02 08 16 37 45,,,,3.0
2022-04-20,Cash4Life,,20 30 45 55 56,,,,14.0
2022-04-21,Cash4Life,,10 11 22 25 29,,,,3.0
2022-04-22,Cash4Life,,14 23 24 26 39,,,,1.0
2022-04-23,Cash4Life,,10 39 47 49 56,,,,8.0
2022-04-24,Cash4Life,,07 14 33 46 48,,,,1.0
2022-04-25,Cash4Life,Eve,3 24 4 25 1,4.0,,,
2022-04-26,Cash4Life,Eve,4 26 4 26 5,1.0,,,
2022-04-27,Cash4Life,,11 36 61 62 68,,,,4.0
2022-04-28,Cash4Life,,15 23 46 55 57,,,,2.0
2022-04-29,Cash4Life,Eve,4 29 25 3 22,4.0,,,
2022-04-30,Cash4Life,,14 21 37 44 63,,,,1.0
2022-05-01,Cash4Life,,04 06 52 55 59,,,,4.0
2022-05-02,Cash4Life,,18 27 33 39 44,,,,8.0
2022-05-03,Cash4Life,,08 22 23 35 51,,,,3.0
2022-05-04,Cash4Life,,08 21 22 34 53,,,,4.0
2022-05-05,Cash4Life,,15 23 29 39 54,,,,2.0
2022-05-06,Cash4Life,,03 04 14 53 60,,,,4.0
2022-05-07,Cash4Life,,30 37 40 54 59,,,,2.0
2022-05-08,Cash4Life,,01 12 34 45 48,,,,3.0
2022-05-09,Cash4Life,,02 13 29 45 50,,,,2.0
2022-05-10,Cash4Life,,01 08 34 36 48,,,,1.0
2022-05-11,Cash4Life,,08 19 44 47 50,,,,1.0
2022-05-12,Cash4Life,,17 40 41 53 60,,,,2.0
2022-05-13,Cash4Life,,11 41 43 44 65,,,,13.0
2022-05-14,Cash4Life,,06 40 41 45 52,,,,9.0
2022-05-15,Cash4Life,,12 18 22 32 47,,,,3.0
2022-05-16,Cash4Life,,07 15 22 36 64,,,,13.0
2022-05-17,Cash4Life,,07 21 24 41 65,,,,24.0
2022-05-18,Cash4Life,,19 41 49 58 60,,,,3.0
2022-05-19,Cash4Life,,41 47 51 58 60,,,,3.0
2022-05-20,Cash4Life,,33 40 59 60 69,,,,22.0
2022-05-21,Cash4Life,,02 08 10 12 42,,,,3.0
2022-05-22,Cash4Life,,08 21 25 34 59,,,,1.0
2022-05-23,Cash4Life,,01 33 37 39 42,,,,26.0
2022-05-24,Cash4Life,,03 05 06 63 68,,,,25.0
2022-05-25,Cash4Life,,08 11 39 46 47,,,,1.0
2022-05-26,Cash4Life,,03 09 33 57 58,,,,1.0
2022-05-27,Cash4Life,,09 12 27 49 50,,,,4.0
2022-05-28,Cash4Life,,02 39 50 61 66,,,,15.0
2022-05-29,Cash4Life,,02 06 14 34 36,,,,3.0
2022-05-30,Cash4Life,,27 28 51 68 69,,,,22.0
2022-05-31,Cash4Life,,06 15 41 63 64,,,,24.0
2022-06-01,Cash4Life,Eve,6 1 7 1 8,1.0,,,
2022-06-02,Cash4Life,,12 40 54 55 60,,,,3.0
2022-06-03,Cash4Life,,11 16 22 48 59,,,,11.0
2022-06-04,Cash4Life,,14 16 36 52 60,,,,16.0
2022-06-05,Cash4Life,,39 43 46 47 52,,,,2.0
2022-06-06,Cash4Life,,13 20 48 49 51,,,,3.0
2022-06-07,Cash4Life,,09 33 49 50 59,,,,4.0
2022-06-08,Cash4Life,,22 39 43 62 64,,,,7.0
2022-06-09,Cash4Life,,01 07 24 53 56,,,,2.0
2022-06-10,Cash4Life,,07 08 22 33 38,,,,2.0
2022-06-11,Cash4Life,,18 20 26 53 69,,,,5.0
2022-06-12,Cash4Life,,04 18 25 46 59,,,,1.0
2022-06-13,Cash4Life,,02 27 42 44 51,,,,25.0
2022-06-14,Cash4Life,,30 37 38 42 58,,,,22.0
2022-06-15,Cash4Life,,08 15 40 50 56,,,,3.0
2022-06-16,Cash4Life,,01 04 11 28 43,,,,3.0
2022-06-17,Cash4Life,,11 13 42 55 57,,,,4.0
2022-06-18,Cash4Life,,08 12 25 41 58,,,,2.0
2022-06-19,Cash4Life,,01 06 20 36 51,,,,1.0
2022-06-20,Cash4Life,,03 44 61 63 69,,,,13.0
2022-06-21,Cash4Life,,08 13 18 32 42,,,,20.0
2022-06-22,Cash4Life,,06 10 31 48 56,,,,12.0
2022-06-23,Cash4Life,,02 10 40 52 56,,,,2.0
2022-06-24,Cash4Life,,01 07 11 25 56,,,,14.0
2022-06-25,Cash4Life,,06 12 20 27 32,,,,4.0
2022-06-26,Cash4Life,,02 36 37 44 52,,,,2.0
2022-06-27,Cash4Life,,09 21 34 44 48,,,,2.0
2022-06-28,Cash4Life,,07 12 21 43 55,,,,11.0
2022-06-29,Cash4Life,,09 27 29 33 51,,,,4.0
2022-06-30,Cash4Life,,06 09 20 31 34,,,,2.0
2022-07-01,Cash4Life,Eve,7 1 8 1 9,1.0,,,
2022-07-02,Cash4Life,,09 10 37 59 62,,,,26.0
2022-07-03,Cash4Life,,03 12 19 34 49,,,,1.0
2022-07-04,Cash4Life,,15 16 24 31 56,,,,4.0
2022-07-05,Cash4Life,,27 31 50 51 61,,,,21.0
2022-07-06,Cash4Life,,08 14 42 45 58,,,,2.0
2022-07-07,Cash4Life,,28 31 37 47 58,,,,4.0
2022-07-08,Cash4Life,,07 20 25 42 45,,,,2.0
2022-07-09,Cash4Life,,14 30 34 40 48,,,,2.0
2022-07-10,Cash4Life,,01 05 11 21 33,,,,4.0
2022-07-11,Cash4Life,,04 26 34 37 52,,,,9.0
2022-07-12,Cash4Life,,04 07 10 45 64,,,,12.0
2022-07-13,Cash4Life,,06 10 18 41 50,,,,2.0
2022-07-14,Cash4Life,,05 22 23 44 59,,,,4.0
2022-07-15,Cash4Life,,04 06 07 17 46,,,,1.0
2022-07-16,Cash4Life,,03 18 23 32 57,,,,21.0
2022-07-17,Cash4Life,,26 27 32 47 55,,,,1.0
2022-07-18,Cash4Life,,07 20 22 30 46,,,,3.0
2022-07-19,Cash4Life,,03 36 38 42 51,,,,1.0
2022-07-20,Cash4Life,,25 26 39 42 56,,,,2.0
2022-07-21,Cash4Life,,07 10 19 21 54,,,,4.0
2022-07-22,Cash4Life,,01 15 19 26 49,,,,3.0
2022-07-23,Cash4Life,,04 07 25 41 53,,,,2.0
2022-07-24,Cash4Life,,01 07 15 16 51,,,,3.0
2022-07-25,Cash4Life,,25 30 33 39 49,,,,2.0
2022-07-26,Cash4Life,,11 25 26 41 45,,,,4.0
2022-07-27,Cash4Life,,16 32 38 39 48,,,,3.0
2022-07-28,Cash4Life,,14 24 29 47 56,,,,2.0
2022-07-29,Cash4Life,,13 36 45 57 67,,,,14.0
2022-07-30,Cash4Life,,20 24 31 39 60,,,,4.0
2022-07-31,Cash4Life,,16 23 29 59 60,,,,3.0
2022-08-01,Cash4Life,Eve,8 1 9 1 10,1.0,,,
2022-08-02,Cash4Life,,10 14 25 37 63,,,,14.0
2022-08-03,Cash4Life,,02 13 42 47 48,,,,4.0
2022-08-04,Cash4Life,,06 14 19 45 53,,,,1.0
2022-08-05,Cash4Life,,06 20 21 26 57,,,,1.0
2022-08-06,Cash4Life,,13 16 42 57 58,,,,2.0
2022-08-07,Cash4Life,,07 27 34 42 50,,,,1.0
2022-08-08,Cash4Life,,24 26 50 51 58,,,,1.0
2022-08-09,Cash4Life,,09 25 43 44 52,,,,2.0
2022-08-10,Cash4Life,,29 44 59 61 68,,,,19.0
2022-08-11,Cash4Life,,02 07 13 20 52,,,,2.0
2022-08-12,Cash4Life,,23 24 50 54 64,,,,3.0
2022-08-13,Cash4Life,,05 09 27 33 57,,,,2.0
2022-08-14,Cash4Life,,12 21 45 51 57,,,,2.0
2022-08-15,Cash4Life,,10 11 17 42 58,,,,4.0
2022-08-16,Cash4Life,,04 22 38 48 58,,,,4.0
2022-08-17,Cash4Life,,31 33 39 48 53,,,,3.0
2022-08-18,Cash4Life,,02 19 25 26 60,,,,4.0
2022-08-19,Cash4Life,,12 18 24 46 65,,,,3.0
2022-08-20,Cash4Life,,05 09 11 16 66,,,,7.0
2022-08-21,Cash4Life,,02 21 30 48 58,,,,1.0
2022-08-22,Cash4Life,,05 14 48 51 57,,,,1.0
2022-08-23,Cash4Life,,06 20 21 34 49,,,,2.0
2022-08-24,Cash4Life,,07 15 33 42 53,,,,4.0
2022-08-25,Cash4Life,,10 27 29 51 59,,,,1.0
2022-08-26,Cash4Life,,01 18 23 39 55,,,,2.0
2022-08-27,Cash4Life,,02 18 56 60 65,,,,14.0
2022-08-28,Cash4Life,,16 23 27 29 57,,,,4.0
2022-08-29,Cash4Life,,13 36 43 61 69,,,,18.0
2022-08-30,Cash4Life,,02 05 14 40 48,,,,3.0
2022-08-31,Cash4Life,,07 08 19 24 28,,,,1.0
2022-09-01,Cash4Life,Eve,9 1 10 1 11,1.0,,,
2022-09-02,Cash4Life,,02 21 27 39 49,,,,3.0
2022-09-03,Cash4Life,,17 34 36 56 60,,,,2.0
2022-09-04,Cash4Life,,10 11 20 28 36,,,,2.0
2022-09-05,Cash4Life,,08 12 25 43 55,,,,1.0
2022-09-06,Cash4Life,,01 13 17 57 60,,,,4.0
2022-09-07,Cash4Life,,03 16 30 33 36,,,,20.0
2022-09-08,Cash4Life,,21 48 49 54 55,,,,3.0
2022-09-09,Cash4Life,,16 21 54 55 69,,,,22.0
2022-09-10,Cash4Life,,38 42 56 68 69,,,,4.0
2022-09-11,Cash4Life,,14 23 27 32 51,,,,3.0
2022-09-12,Cash4Life,,06 14 16 34 66,,,,25.0
2022-09-13,Cash4Life,,14 25 38 59 64,,,,21.0
2022-09-14,Cash4Life,,09 10 20 22 52,,,,25.0
2022-09-15,Cash4Life,,02 03 25 43 57,,,,1.0
2022-09-16,Cash4Life,,08 18 42 48 56,,,,4.0
2022-09-17,Cash4Life,,02 21 32 42 54,,,,4.0
2022-09-18,Cash4Life,,08 41 45 50 54,,,,4.0
2022-09-19,Cash4Life,,07 15 36 46 67,,,,7.0
2022-09-20,Cash4Life,,01 10 28 44 45,,,,4.0
2022-09-21,Cash4Life,,06 33 34 45 54,,,,7.0
2022-09-22,Cash4Life,,03 06 10 26 40,,,,2.0
2022-09-23,Cash4Life,,05 50 53 58 64,,,,22.0
2022-09-24,Cash4Life,,10 22 47 57 60,,,,2.0
2022-09-25,Cash4Life,,06 13 35 43 53,,,,1.0
2022-09-26,Cash4Life,,01 08 11 31 57,,,,4.0
2022-09-27,Cash4Life,,08 14 24 43 51,,,,9.0
2022-09-28,Cash4Life,,06 10 24 33 67,,,,11.0
2022-09-29,Cash4Life,,01 03 26 44 59,,,,3.0
2022-09-30,Cash4Life,,16 26 37 40 51,,,,6.0
2022-10-01,Cash4Life,Eve,10 1 11 1 12,1.0,,,
2022-10-02,Cash4Life,,05 18 27 34 54,,,,2.0
2022-10-03,Cash4Life,,12 25 30 42 52,,,,2.0
2022-10-04,Cash4Life,,09 15 32 40 42,,,,1.0
2022-10-05,Cash4Life,,15 38 44 54 55,,,,3.0
2022-10-06,Cash4Life,,13 14 29 53 55,,,,1.0
2022-10-07,Cash4Life,,11 12 37 40 48,,,,2.0
2022-10-08,Cash4Life,,13 43 53 60 68,,,,5.0
2022-10-09,Cash4Life,,04 08 17 36 39,,,,3.0
2022-10-10,Cash4Life,,03 06 11 17 22,,,,11.0
2022-10-11,Cash4Life,,03 07 11 13 38,,,,1.0
2022-10-12,Cash4Life,,14 30 41 42 59,,,,6.0
2022-10-13,Cash4Life,,15 17 32 42 59,,,,1.0
2022-10-14,Cash4Life,,05 09 27 35 46,,,,1.0
2022-10-15,Cash4Life,,25 41 54 56 58,,,,3.0
2022-10-16,Cash4Life,,14 16 30 59 60,,,,3.0
2022-10-17,Cash4Life,,19 30 36 46 60,,,,25.0
2022-10-18,Cash4Life,,15 25 47 53 56,,,,4.0
2022-10-19,Cash4Life,,20 29 30 48 59,,,,4.0
2022-10-20,Cash4Life,,11 39 42 53 55,,,,3.0
2022-10-21,Cash4Life,,34 36 43 45 68,,,,22.0
2022-10-22,Cash4Life,,19 25 48 55 60,,,,18.0
2022-10-23,Cash4Life,,07 18 24 32 35,,,,4.0
2022-10-24,Cash4Life,,06 15 45 48 53,,,,1.0
2022-10-25,Cash4Life,,21 30 35 45 66,,,,21.0
2022-10-26,Cash4Life,,19 36 37 46 56,,,,24.0
2022-10-27,Cash4Life,,06 21 32 55 59,,,,1.0
2022-10-28,Cash4Life,,04 18 31 53 69,,,,7.0
2022-10-29,Cash4Life,,03 25 37 55 59,,,,4.0
2022-10-30,Cash4Life,,07 09 22 58 60,,,,3.0
2022-10-31,Cash4Life,,14 26 31 37 41,,,,3.0
2022-11-01,Cash4Life,Eve,11 1 12 1 1,1.0,,,
2022-11-02,Cash4Life,,26 28 43 53 56,,,,1.0
2022-11-03,Cash4Life,,18 22 38 43 56,,,,3.0
2022-11-04,Cash4Life,,02 20 47 55 59,,,,19.0
2022-11-05,Cash4Life,,06 21 34 37 42,,,,3.0
2022-11-06,Cash4Life,,12 20 27 32 33,,,,3.0
2022-11-07,Cash4Life,,10 33 41 47 56,,,,10.0
2022-11-08,Cash4Life,,05 13 29 38 59,,,,23.0
2022-11-09,Cash4Life,,02 03 04 14 26,,,,2.0
2022-11-10,Cash4Life,,02 04 05 06 58,,,,4.0
2022-11-11,Cash4Life,,02 13 33 44 52,,,,3.0
2022-11-12,Cash4Life,,16 20 44 57 58,,,,6.0
2022-11-13,Cash4Life,,14 25 30 44 54,,,,2.0
2022-11-14,Cash4Life,,19 35 53 54 67,,,,21.0
2022-11-15,Cash4Life,,06 19 28 46 61,,,,18.0
2022-11-16,Cash4Life,,01 33 48 52 55,,,,4.0
2022-11-17,Cash4Life,,05 22 40 48 57,,,,2.0
2022-11-18,Cash4Life,,02 14 16 38 66,,,,9.0
2022-11-19,Cash4Life,,07 28 62 63 64,,,,10.0
2022-11-20,Cash4Life,,12 36 42 43 59,,,,3.0
2022-11-21,Cash4Life,,01 06 40 51 67,,,,2.0
2022-11-22,Cash4Life,,04 12 20 45 53,,,,1.0
2022-11-23,Cash4Life,,01 02 31 39 66,,,,25.0
2022-11-24,Cash4Life,,04 21 46 56 59,,,,2.0
2022-11-25,Cash4Life,,09 12 19 36 54,,,,1.0
2022-11-26,Cash4Life,,15 30 47 50 51,,,,3.0
2022-11-27,Cash4Life,,18 23 24 58 59,,,,2.0
2022-11-28,Cash4Life,,20 24 40 48 59,,,,1.0
2022-11-29,Cash4Life,,04 29 48 54 58,,,,4.0
2022-11-30,Cash4Life,,18 21 24 33 44,,,,1.0
2022-12-01,Cash4Life,Eve,12 1 1 1 2,1.0,,,
2022-12-02,Cash4Life,,10 14 16 40 58,,,,4.0
2022-12-03,Cash4Life,,06 13 33 36 37,,,,7.0
2022-12-04,Cash4Life,,22 28 32 49 55,,,,2.0
2022-12-05,Cash4Life,,35 45 47 54 55,,,,14.0
2022-12-06,Cash4Life,,21 29 34 36 41,,,,2.0
2022-12-07,Cash4Life,,05 25 26 34 52,,,,3.0
2022-12-08,Cash4Life,,24 33 46 51 54,,,,1.0
2022-12-09,Cash4Life,,08 19 53 61 69,,,,19.0
2022-12-10,Cash4Life,,05 14 21 31 50,,,,1.0
2022-12-11,Cash4Life,,04 21 42 55 58,,,,1.0
2022-12-12,Cash4Life,,16 31 50 55 61,,,,9.0
2022-12-13,Cash4Life,,14 22 48 58 68,,,,6.0
2022-12-14,Cash4Life,,12 25 41 57 58,,,,3.0
2022-12-15,Cash4Life,,05 08 11 14 29,,,,3.0
2022-12-16,Cash4Life,,10 24 40 44 56,,,,3.0
2022-12-17,Cash4Life,,11 15 42 43 60,,,,4.0
2022-12-18,Cash4Life,,02 15 25 43 49,,,,3.0
2022-12-19,Cash4Life,,07 37 55 65 67,,,,12.0
2022-12-20,Cash4Life,,03 04 33 36 52,,,,17.0
2022-12-21,Cash4Life,,12 15 24 34 59,,,,14.0
2022-12-22,Cash4Life,,01 06 11 28 33,,,,2.0
2022-12-23,Cash4Life,,15 21 32 38 62,,,,8.0
2022-12-24,Cash4Life,,17 37 46 54 67,,,,8.0
2022-12-25,Cash4Life,,01 32 37 53 56,,,,2.0
2022-12-26,Cash4Life,,07 10 24 29 51,,,,4.0
2022-12-27,Cash4Life,,06 34 36 53 56,,,,3.0
2022-12-28,Cash4Life,,26 32 38 45 56,,,,1.0
2022-12-29,Cash4Life,,13 14 21 44 46,,,,4.0
2022-12-30,Cash4Life,,01 03 06 44 51,,,,7.0
2022-12-31,Cash4Life,,18 37 44 50 64,,,,11.0
2023-01-01,Cash4Life,Eve,1 1 2 1 3,1.0,,,
2023-01-02,Cash4Life,,01 09 13 17 45,,,,4.0
2023-01-03,Cash4Life,,05 14 27 46 53,,,,4.0
2023-01-04,Cash4Life,,12 32 56 67 68,,,,26.0
2023-01-05,Cash4Life,,36 37 43 45 48,,,,3.0
2023-01-06,Cash4Life,,03 20 46 59 63,,,,13.0
2023-01-07,Cash4Life,,07 13 19 58 60,,,,1.0
2023-01-08,Cash4Life,,01 10 23 32 54,,,,3.0
2023-01-09,Cash4Life,,01 07 08 17 52,,,,1.0
2023-01-10,Cash4Life,,07 13 14 15 18,,,,9.0
2023-01-11,Cash4Life,,13 20 26 44 46,,,,4.0
2023-01-12,Cash4Life,,13 16 19 43 44,,,,3.0
2023-01-13,Cash4Life,,30 43 45 46 61,,,,14.0
2023-01-14,Cash4Life,,24 26 39 47 57,,,,23.0
2023-01-15,Cash4Life,,23 27 34 43 44,,,,4.0
2023-01-16,Cash4Life,,04 14 33 39 61,,,,3.0
2023-01-17,Cash4Life,,02 12 18 24 39,,,,18.0
2023-01-18,Cash4Life,,08 22 39 41 47,,,,2.0
2023-01-19,Cash4Life,,11 19 33 43 53,,,,2.0
2023-01-20,Cash4Life,,13 28 53 54 58,,,,3.0
2023-01-21,Cash4Life,,04 21 28 32 36,,,,1.0
2023-01-22,Cash4Life,,18 23 30 42 48,,,,4.0
2023-01-23,Cash4Life,,12 31 47 58 60,,,,23.0
2023-01-24,Cash4Life,,11 22 46 47 54,,,,2.0
2023-01-25,Cash4Life,,09 23 27 45 58,,,,1.0
2023-01-26,Cash4Life,,02 08 27 44 57,,,,2.0
2023-01-27,Cash4Life,,09 18 34 38 49,,,,1.0
2023-01-28,Cash4Life,,39 40 42 45 51,,,,3.0
2023-01-29,Cash4Life,,07 31 47 54 56,,,,1.0
2023-01-30,Cash4Life,,36 43 46 55 59,,,,2.0
2023-01-31,Cash4Life,,05 11 24 26 46,,,,3.0
2023-02-01,Cash4Life,Eve,2 1 3 1 4,1.0,,,
2023-02-02,Cash4Life,,14 16 30 50 53,,,,1.0
2023-02-03,Cash4Life,,01 04 50 54 59,,,,17.0
2023-02-04,Cash4Life,,02 08 15 19 58,,,,10.0
2023-02-05,Cash4Life,,18 20 34 36 44,,,,2.0
2023-02-06,Cash4Life,,05 11 22 23 69,,,,7.0
2023-02-07,Cash4Life,,22 26 31 57 58,,,,4.0
2023-02-08,Cash4Life,,52 58 59 64 66,,,,9.0
2023-02-09,Cash4Life,,12 17 24 35 45,,,,2.0
2023-02-10,Cash4Life,,05 08 30 43 46,,,,2.0
2023-02-11,Cash4Life,,11 19 24 49 57,,,,1.0
2023-02-12,Cash4Life,,10 12 34 44 53,,,,1.0
2023-02-13,Cash4Life,,17 26 37 61 65,,,,2.0
2023-02-14,Cash4Life,,06 16 26 49 60,,,,3.0
2023-02-15,Cash4Life,Eve,2 15 3 1 22,1.0,,,
2023-02-16,Cash4Life,,14 17 27 28 48,,,,4.0
2023-02-17,Cash4Life,,02 33 38 57 70,,,,13.0
2023-02-18,Cash4Life,,08 21 31 32 37,,,,23.0
2023-02-19,Cash4Life,,08 37 43 56 57,,,,2.0
2023-02-20,Cash4Life,,13 21 23 49 51,,,,3.0
2023-02-21,Cash4Life,,07 20 30 31 52,,,,2.0
2023-02-22,Cash4Life,,23 30 35 37 51,,,,3.0
2023-02-23,Cash4Life,,15 16 28 44 57,,,,2.0
2023-02-24,Cash4Life,,02 22 49 65 67,,,,7.0
2023-02-25,Cash4Life,,11 24 58 66 67,,,,26.0
2023-02-26,Cash4Life,,13 17 18 50 60,,,,2.0
2023-02-27,Cash4Life,,07 26 33 50 53,,,,4.0
2023-02-28,Cash4Life,,03 07 19 38 51,,,,3.0
2023-03-01,Cash4Life,Eve,3 1 4 1 5,1.0,,,
2023-03-02,Cash4Life,,05 09 15 29 60,,,,1.0
2023-03-03,Cash4Life,,25 38 57 59 60,,,,2.0
2023-03-04,Cash4Life,,10 16 18 40 66,,,,16.0
2023-03-05,Cash4Life,,03 13 41 47 52,,,,4.0
2023-03-06,Cash4Life,,16 22 23 26 49,,,,1.0
2023-03-07,Cash4Life,,02 04 22 26 51,,,,1.0
2023-03-08,Cash4Life,,26 27 43 61 69,,,,4.0
2023-03-09,Cash4Life,,12 37 42 48 56,,,,1.0
2023-03-10,Cash4Life,,09 20 59 60 63,,,,5.0
2023-03-11,Cash4Life,,11 20 33 43 58,,,,24.0
2023-03-12,Cash4Life,,16 20 25 40 56,,,,3.0
2023-03-13,Cash4Life,,08 15 34 35 57,,,,4.0
2023-03-14,Cash4Life,,01 07 23 38 55,,,,2.0
2023-03-15,Cash4Life,,10 20 24 47 50,,,,4.0
2023-03-16,Cash4Life,,13 24 31 33 37,,,,4.0
2023-03-17,Cash4Life,,07 09 30 38 59,,,,3.0
2023-03-18,Cash4Life,,16 23 26 36 37,,,,1.0
2023-03-19,Cash4Life,,02 08 19 47 52,,,,2.0
2023-03-20,Cash4Life,,01 27 32 47 67,,,,14.0
2023-03-21,Cash4Life,,01 21 25 27 40,,,,11.0
2023-03-22,Cash4Life,,27 28 37 50 57,,,,5.0
2023-03-23,Cash4Life,,06 19 21 26 41,,,,2.0
2023-03-24,Cash4Life,,04 07 22 51 52,,,,3.0
2023-03-25,Cash4Life,,15 18 19 45 58,,,,4.0
2023-03-26,Cash4Life,,05 26 28 43 45,,,,4.0
2023-03-27,Cash4Life,,19 26 36 43 58,,,,14.0
2023-03-28,Cash4Life,,02 03 18 32 68,,,,24.0
2023-03-29,Cash4Life,,04 09 24 46 66,,,,7.0
2023-03-30,Cash4Life,,15 25 35 44 47,,,,2.0
2023-03-31,Cash4Life,,12 13 34 35 36,,,,2.0
2023-04-01,Cash4Life,Eve,4 1 5 1 6,1.0,,,
2023-04-02,Cash4Life,,04 21 37 50 54,,,,1.0
2023-04-03,Cash4Life,,08 25 44 51 55,,,,4.0
2023-04-04,Cash4Life,,06 10 27 29 43,,,,4.0
2023-04-05,Cash4Life,,03 16 18 32 37,,,,1.0
2023-04-06,Cash4Life,,01 05 39 41 60,,,,4.0
2023-04-07,Cash4Life,,10 17 20 21 54,,,,4.0
2023-04-08,Cash4Life,,24 26 38 50 55,,,,4.0
2023-04-09,Cash4Life,,09 16 21 27 28,,,,4.0
2023-04-10,Cash4Life,,29 30 35 48 55,,,,2.0
2023-04-11,Cash4Life,,01 14 30 45 49,,,,4.0
2023-04-12,Cash4Life,,19 29 34 37 46,,,,3.0
2023-04-13,Cash4Life,,05 08 29 54 55,,,,2.0
2023-04-14,Cash4Life,,23 27 41 48 51,,,,22.0
2023-04-15,Cash4Life,,01 33 34 56 59,,,,18.0
2023-04-16,Cash4Life,,22 37 44 45 48,,,,2.0
2023-04-17,Cash4Life,,23 25 35 63 64,,,,25.0
2023-04-18,Cash4Life,,08 12 16 18 21,,,,4.0
2023-04-19,Cash4Life,,17 19 20 44 57,,,,2.0
2023-04-20,Cash4Life,,09 13 15 39 56,,,,3.0
2023-04-21,Cash4Life,,05 13 20 26 40,,,,1.0
2023-04-22,Cash4Life,,06 13 32 50 51,,,,4.0
2023-04-23,Cash4Life,,09 11 26 46 52,,,,1.0
2023-04-24,Cash4Life,,21 22 41 50 51,,,,3.0
2023-04-25,Cash4Life,,23 24 29 41 54,,,,1.0
2023-04-26,Cash4Life,,01 09 31 55 59,,,,2.0
2023-04-27,Cash4Life,,01 04 24 47 58,,,,3.0
2023-04-28,Cash4Life,,25 34 44 51 52,,,,3.0
2023-04-29,Cash4Life,,11 30 32 39 51,,,,4.0
2023-04-30,Cash4Life,,01 29 30 35 55,,,,1.0
2023-05-01,Cash4Life,Eve,5 1 6 1 7,1.0,,,
2023-05-02,Cash4Life,,06 19 35 49 56,,,,4.0
2023-05-03,Cash4Life,,17 26 37 43 53,,,,2.0
2023-05-04,Cash4Life,,01 06 13 16 36,,,,3.0
2023-05-05,Cash4Life,,14 28 49 54 55,,,,3.0
2023-05-06,Cash4Life,,25 31 34 35 52,,,,2.0
2023-05-07,Cash4Life,,19 29 31 41 43,,,,4.0
2023-05-08,Cash4Life,,15 20 33 36 43,,,,12.0
2023-05-09,Cash4Life,,04 37 46 48 51,,,,19.0
2023-05-10,Cash4Life,,21 24 33 55 69,,,,3.0
2023-05-11,Cash4Life,,11 22 39 50 56,,,,1.0
2023-05-12,Cash4Life,,01 02 23 40 45,,,,15.0
2023-05-13,Cash4Life,,03 15 20 23 46,,,,11.0
2023-05-14,Cash4Life,,05 16 24 29 57,,,,3.0
2023-05-15,Cash4Life,,01 26 28 55 58,,,,25.0
2023-05-16,Cash4Life,,06 23 33 45 53,,,,1.0
2023-05-17,Cash4Life,,18 34 37 45 51,,,,14.0
2023-05-18,Cash4Life,,04 16 22 26 47,,,,1.0
2023-05-19,Cash4Life,,10 13 32 47 52,,,,4.0
2023-05-20,Cash4Life,,13 30 31 37 52,,,,2.0
2023-05-21,Cash4Life,,02 03 18 55 56,,,,4.0
2023-05-22,Cash4Life,,09 38 48 52 68,,,,25.0
2023-05-23,Cash4Life,,03 10 22 65 66,,,,19.0
2023-05-24,Cash4Life,,12 21 44 50 58,,,,26.0
2023-05-25,Cash4Life,,06 07 16 18 40,,,,3.0
2023-05-26,Cash4Life,,12 20 37 41 64,,,,1.0
2023-05-27,Cash4Life,,08 32 34 55 57,,,,4.0
2023-05-28,Cash4Life,,09 14 22 25 51,,,,2.0
2023-05-29,Cash4Life,,20 32 37 43 57,,,,4.0
2023-05-30,Cash4Life,,13 16 40 64 68,,,,21.0
2023-05-31,Cash4Life,,02 04 54 61 62,,,,14.0
2023-06-01,Cash4Life,Eve,6 1 7 1 8,1.0,,,
2023-06-02,Cash4Life,,13 28 40 55 57,,,,1.0
2023-06-03,Cash4Life,,15 45 64 67 68,,,,18.0
2023-06-04,Cash4Life,,29 37 41 45 52,,,,4.0
2023-06-05,Cash4Life,,01 05 07 44 52,,,,2.0
2023-06-06,Cash4Life,,06 12 23 29 57,,,,4.0
2023-06-07,Cash4Life,,09 10 18 24 37,,,,2.0
2023-06-08,Cash4Life,,38 46 49 50 59,,,,2.0
2023-06-09,Cash4Life,,03 19 53 60 68,,,,13.0
2023-06-10,Cash4Life,,21 32 42 46 50,,,,4.0
2023-06-11,Cash4Life,,11 22 23 42 57,,,,4.0
2023-06-12,Cash4Life,,02 03 16 23 68,,,,7.0
2023-06-13,Cash4Life,,08 10 19 44 47,,,,4.0
2023-06-14,Cash4Life,,18 28 42 45 54,,,,3.0
2023-06-15,Cash4Life,,06 14 15 25 38,,,,3.0
2023-06-16,Cash4Life,,27 29 36 38 57,,,,2.0
2023-06-17,Cash4Life,,11 14 21 41 58,,,,2.0
2023-06-18,Cash4Life,,19 24 26 51 59,,,,4.0
2023-06-19,Cash4Life,,36 39 52 57 69,,,,1.0
2023-06-20,Cash4Life,,23 34 36 44 45,,,,4.0
2023-06-21,Cash4Life,,05 11 33 35 63,,,,14.0
2023-06-22,Cash4Life,,09 31 56 57 60,,,,1.0
2023-06-23,Cash4Life,,13 62 65 67 69,,,,14.0
2023-06-24,Cash4Life,,07 10 14 23 42,,,,4.0
2023-06-25,Cash4Life,,05 41 43 48 50,,,,3.0
2023-06-26,Cash4Life,,36 38 42 48 60,,,,4.0
2023-06-27,Cash4Life,,08 34 35 41 52,,,,12.0
2023-06-28,Cash4Life,Eve,6 28 6 28 1,2.0,,,
2023-06-29,Cash4Life,,02 13 19 25 29,,,,3.0
2023-06-30,Cash4Life,,13 22 47 51 55,,,,9.0
2023-07-01,Cash4Life,Eve,7 1 8 1 9,1.0,,,
2023-07-02,Cash4Life,,28 31 39 53 60,,,,3.0
2023-07-03,Cash4Life,,15 26 31 38 61,,,,3.0
2023-07-04,Cash4Life,,03 09 28 30 57,,,,1.0
2023-07-05,Cash4Life,,17 24 48 62 68,,,,23.0
2023-07-06,Cash4Life,,12 21 27 42 56,,,,3.0
2023-07-07,Cash4Life,Eve,40 7 7 1 21,3.0,,,
2023-07-08,Cash4Life,,07 23 24 32 43,,,,18.0
2023-07-09,Cash4Life,,11 28 30 34 47,,,,1.0
2023-07-10,Cash4Life,Eve,10 7 10 1 2,3.0,,,
2023-07-11,Cash4Life,,05 10 16 46 53,,,,2.0
2023-07-12,Cash4Life,,23 35 45 66 67,,,,20.0
2023-07-13,Cash4Life,Eve,33 7 13 1 22,3.0,,,
2023-07-14,Cash4Life,,10 24 48 51 66,,,,15.0
2023-07-15,Cash4Life,,02 09 43 55 57,,,,18.0
2023-07-16,Cash4Life,,12 20 28 44 47,,,,3.0
2023-07-17,Cash4Life,,19 28 46 52 53,,,,3.0
2023-07-18,Cash4Life,,09 17 47 53 56,,,,1.0
2023-07-19,Cash4Life,,28 31 37 46 58,,,,3.0
2023-07-20,Cash4Life,,01 04 05 06 39,,,,4.0
2023-07-21,Cash4Life,,16 27 31 32 52,,,,1.0
2023-07-22,Cash4Life,,25 27 36 37 63,,,,7.0
2023-07-23,Cash4Life,,09 15 25 32 53,,,,2.0
2023-07-24,Cash4Life,,13 45 51 55 57,,,,4.0
2023-07-25,Cash4Life,,03 05 06 44 61,,,,25.0
2023-07-26,Cash4Life,,15 21 37 39 42,,,,1.0
2023-07-27,Cash4Life,,02 36 37 43 57,,,,1.0
2023-07-28,Cash4Life,,05 10 28 52 63,,,,18.0
2023-07-29,Cash4Life,,10 25 27 34 38,,,,2.0
2023-07-30,Cash4Life,,02 08 22 41 60,,,,3.0
2023-07-31,Cash4Life,,02 11 48 58 65,,,,13.0
2023-08-01,Cash4Life,Eve,8 1 9 1 10,1.0,,,
2023-08-02,Cash4Life,,12 16 19 25 26,,,,1.0
2023-08-03,Cash4Life,,11 22 31 43 56,,,,1.0
2023-08-04,Cash4Life,,16 48 51 55 60,,,,4.0
2023-08-05,Cash4Life,,18 42 44 62 65,,,,23.0
2023-08-06,Cash4Life,,05 09 39 49 58,,,,4.0
2023-08-07,Cash4Life,,10 16 31 36 45,,,,1.0
2023-08-08,Cash4Life,,13 19 20 32 33,,,,14.0
2023-08-09,Cash4Life,,10 15 21 67 69,,,,3.0
2023-08-10,Cash4Life,,38 44 50 51 53,,,,3.0
2023-08-11,Cash4Life,,08 18 38 44 48,,,,3.0
2023-08-12,Cash4Life,,19 21 37 50 65,,,,26.0
2023-08-13,Cash4Life,,01 03 43 47 59,,,,2.0
2023-08-14,Cash4Life,,13 27 28 52 59,,,,1.0
2023-08-15,Cash4Life,,10 14 15 30 50,,,,2.0
2023-08-16,Cash4Life,,09 11 17 19 55,,,,1.0
2023-08-17,Cash4Life,,09 14 22 27 39,,,,4.0
2023-08-18,Cash4Life,,03 08 42 44 47,,,,4.0
2023-08-19,Cash4Life,,01 25 27 38 62,,,,13.0
2023-08-20,Cash4Life,,05 28 32 39 54,,,,4.0
2023-08-21,Cash4Life,,03 04 12 22 28,,,,16.0
2023-08-22,Cash4Life,,01 12 26 36 50,,,,7.0
2023-08-23,Cash4Life,,25 30 32 33 55,,,,20.0
2023-08-24,Cash4Life,,09 13 23 30 51,,,,1.0
2023-08-25,Cash4Life,,33 38 44 45 58,,,,3.0
2023-08-26,Cash4Life,,13 44 50 52 55,,,,2.0
2023-08-27,Cash4Life,,16 42 48 51 58,,,,3.0
2023-08-28,Cash4Life,,04 06 25 55 68,,,,26.0
2023-08-29,Cash4Life,,09 39 52 61 63,,,,25.0
2023-08-30,Cash4Life,,04 13 35 61 69,,,,4.0
2023-08-31,Cash4Life,,18 26 37 44 55,,,,4.0
2023-09-01,Cash4Life,Eve,9 1 10 1 11,1.0,,,
2023-09-02,Cash4Life,,07 35 38 57 59,,,,3.0
2023-09-03,Cash4Life,,13 23 53 58 59,,,,4.0
2023-09-04,Cash4Life,,03 38 40 44 50,,,,2.0
2023-09-05,Cash4Life,,03 43 50 51 65,,,,13.0
2023-09-06,Cash4Life,,09 14 20 23 63,,,,1.0
2023-09-07,Cash4Life,,15 26 28 51 54,,,,3.0
2023-09-08,Cash4Life,,01 02 24 46 49,,,,3.0
2023-09-09,Cash4Life,,02 06 41 55 57,,,,2.0
2023-09-10,Cash4Life,,20 21 25 43 45,,,,4.0
2023-09-11,Cash4Life,,01 09 19 28 52,,,,1.0
2023-09-12,Cash4Life,,08 33 40 46 57,,,,2.0
2023-09-13,Cash4Life,,01 31 51 56 60,,,,2.0
2023-09-14,Cash4Life,Eve,9 14 9 14 1,1.0,,,
2023-09-15,Cash4Life,,02 04 21 24 51,,,,4.0
2023-09-16,Cash4Life,,05 08 19 45 47,,,,3.0
2023-09-17,Cash4Life,,08 29 44 59 60,,,,3.0
2023-09-18,Cash4Life,,02 21 26 40 42,,,,9.0
2023-09-19,Cash4Life,,02 03 06 18 19,,,,1.0
2023-09-20,Cash4Life,,10 15 41 43 51,,,,4.0
2023-09-21,Cash4Life,,08 16 19 47 60,,,,4.0
2023-09-22,Cash4Life,,02 32 49 57 59,,,,2.0
2023-09-23,Cash4Life,,01 12 20 33 66,,,,21.0
2023-09-24,Cash4Life,Eve,9 24 6 10 9,1.0,,,
2023-09-25,Cash4Life,Eve,40 9 25 1 39,3.0,,,
2023-09-26,Cash4Life,,08 09 12 24 59,,,,1.0
2023-09-27,Cash4Life,,06 18 34 36 47,,,,1.0
2023-09-28,Cash4Life,,03 09 14 28 52,,,,2.0
2023-09-29,Cash4Life,,06 08 25 32 50,,,,4.0
2023-09-30,Cash4Life,,10 13 15 23 40,,,,1.0
2023-10-01,Cash4Life,Eve,10 1 11 1 12,1.0,,,
2023-10-02,Cash4Life,,12 26 27 43 47,,,,5.0
2023-10-03,Cash4Life,,07 10 14 24 55,,,,3.0
2023-10-04,Cash4Life,,08 15 26 33 60,,,,2.0
2023-10-05,Cash4Life,,11 19 37 49 52,,,,1.0
2023-10-06,Cash4Life,,12 24 46 57 66,,,,22.0
2023-10-07,Cash4Life,,47 54 57 60 65,,,,19.0
2023-10-08,Cash4Life,,02 10 31 52 53,,,,2.0
2023-10-09,Cash4Life,,16 34 46 55 67,,,,14.0
2023-10-10,Cash4Life,,08 12 24 39 60,,,,4.0
2023-10-11,Cash4Life,Eve,12 10 11 1 3,3.0,,,
2023-10-12,Cash4Life,,07 10 15 31 60,,,,4.0
2023-10-13,Cash4Life,,06 18 44 46 68,,,,18.0
2023-10-14,Cash4Life,,14 16 42 48 64,,,,14.0
2023-10-15,Cash4Life,,03 06 11 15 17,,,,3.0
2023-10-16,Cash4Life,,13 15 16 19 33,,,,1.0
2023-10-17,Cash4Life,,05 12 17 18 29,,,,3.0
2023-10-18,Cash4Life,,02 16 18 43 57,,,,3.0
2023-10-19,Cash4Life,,03 07 44 47 55,,,,3.0
2023-10-20,Cash4Life,,05 13 22 27 57,,,,2.0
2023-10-21,Cash4Life,,06 09 14 21 29,,,,4.0
2023-10-22,Cash4Life,,17 18 32 36 42,,,,3.0
2023-10-23,Cash4Life,,18 21 25 46 64,,,,21.0
2023-10-24,Cash4Life,,16 20 30 54 59,,,,7.0
2023-10-25,Cash4Life,,25 27 41 53 68,,,,2.0
2023-10-26,Cash4Life,,22 30 32 43 51,,,,3.0
2023-10-27,Cash4Life,,10 12 25 38 51,,,,1.0
2023-10-28,Cash4Life,,24 35 54 55 58,,,,3.0
2023-10-29,Cash4Life,,11 15 33 38 48,,,,4.0
2023-10-30,Cash4Life,,19 22 34 66 69,,,,5.0
2023-10-31,Cash4Life,,14 35 37 55 70,,,,15.0
2023-11-01,Cash4Life,Eve,11 1 12 1 1,1.0,,,
2023-11-02,Cash4Life,,16 34 40 46 52,,,,1.0
2023-11-03,Cash4Life,,14 21 30 32 55,,,,2.0
2023-11-04,Cash4Life,,06 09 10 51 58,,,,3.0
2023-11-05,Cash4Life,,19 24 33 47 54,,,,3.0
2023-11-06,Cash4Life,,10 33 51 52 54,,,,1.0
2023-11-07,Cash4Life,Eve,11 7 11 7 1,1.0,,,
2023-11-08,Cash4Life,,16 24 37 52 56,,,,4.0
2023-11-09,Cash4Life,,05 09 18 50 54,,,,3.0
2023-11-10,Cash4Life,,13 33 59 68 70,,,,8.0
2023-11-11,Cash4Life,,04 11 15 27 52,,,,2.0
2023-11-12,Cash4Life,,01 21 41 56 57,,,,2.0
2023-11-13,Cash4Life,,05 16 21 50 57,,,,1.0
2023-11-14,Cash4Life,,03 15 31 39 58,,,,4.0
2023-11-15,Cash4Life,,19 21 22 26 35,,,,1.0
2023-11-16,Cash4Life,,01 09 24 56 60,,,,1.0
2023-11-17,Cash4Life,,03 31 33 48 55,,,,1.0
2023-11-18,Cash4Life,,11 12 35 39 45,,,,1.0
2023-11-19,Cash4Life,,03 19 21 40 48,,,,2.0
2023-11-20,Cash4Life,,01 16 31 38 45,,,,1.0
2023-11-21,Cash4Life,,17 22 25 30 38,,,,24.0
2023-11-22,Cash4Life,,01 21 32 48 51,,,,3.0
2023-11-23,Cash4Life,,35 44 46 50 55,,,,3.0
2023-11-24,Cash4Life,,06 15 45 59 68,,,,1.0
2023-11-25,Cash4Life,,35 37 45 47 55,,,,1.0
2023-11-26,Cash4Life,,06 07 15 18 26,,,,4.0
2023-11-27,Cash4Life,,10 24 35 50 59,,,,3.0
2023-11-28,Cash4Life,,13 24 44 59 60,,,,1.0
2023-11-29,Cash4Life,,01 26 27 51 59,,,,1.0
2023-11-30,Cash4Life,,07 14 21 58 60,,,,1.0
2023-12-01,Cash4Life,Eve,12 1 1 1 2,1.0,,,
2023-12-02,Cash4Life,,12 13 31 36 42,,,,4.0
2023-12-03,Cash4Life,,04 07 13 35 45,,,,1.0
2023-12-04,Cash4Life,,05 12 14 24 33,,,,2.0
2023-12-05,Cash4Life,,17 28 49 56 59,,,,4.0
2023-12-06,Cash4Life,,08 14 38 40 46,,,,4.0
2023-12-07,Cash4Life,,16 24 32 38 52,,,,2.0
2023-12-08,Cash4Life,,22 37 40 52 59,,,,3.0
2023-12-09,Cash4Life,,21 30 34 42 52,,,,1.0
2023-12-10,Cash4Life,,02 04 18 32 40,,,,3.0
2023-12-11,Cash4Life,,05 06 07 26 52,,,,2.0
2023-12-12,Cash4Life,,08 23 44 45 53,,,,3.0
2023-12-13,Cash4Life,,05 20 23 48 53,,,,3.0
2023-12-14,Cash4Life,,10 11 22 36 52,,,,3.0
2023-12-15,Cash4Life,,07 19 34 51 55,,,,4.0
2023-12-16,Cash4Life,,14 18 38 50 54,,,,2.0
2023-12-17,Cash4Life,,08 31 41 49 58,,,,3.0
2023-12-18,Cash4Life,,04 18 28 36 60,,,,2.0
2023-12-19,Cash4Life,,09 17 26 29 41,,,,3.0
2023-12-20,Cash4Life,,15 26 28 34 37,,,,1.0
2023-12-21,Cash4Life,,01 10 11 36 38,,,,1.0
2023-12-22,Cash4Life,,26 42 49 57 60,,,,3.0
2023-12-23,Cash4Life,,09 14 17 18 53,,,,6.0
2023-12-24,Cash4Life,,05 21 23 48 57,,,,2.0
2023-12-25,Cash4Life,,19 29 48 51 53,,,,4.0
2023-12-26,Cash4Life,,03 33 36 44 51,,,,4.0
2023-12-27,Cash4Life,,01 07 10 25 32,,,,3.0
2023-12-28,Cash4Life,,05 07 10 32 58,,,,3.0
2023-12-29,Cash4Life,,06 13 26 39 41,,,,4.0
2023-12-30,Cash4Life,,11 23 34 42 58,,,,4.0
2023-12-31,Cash4Life,,16 17 22 36 54,,,,3.0
2024-01-01,Cash4Life,Eve,1 1 2 1 3,1.0,,,
2024-01-02,Cash4Life,,03 18 27 29 64,,,,1.0
2024-01-03,Cash4Life,,30 31 38 48 68,,,,8.0
2024-01-04,Cash4Life,,06 10 19 27 51,,,,2.0
2024-01-05,Cash4Life,,05 23 26 38 44,,,,25.0
2024-01-06,Cash4Life,,05 07 26 28 42,,,,1.0
2024-01-07,Cash4Life,,11 12 23 34 39,,,,4.0
2024-01-08,Cash4Life,,35 38 50 52 56,,,,4.0
2024-01-09,Cash4Life,,02 09 13 25 47,,,,1.0
2024-01-10,Cash4Life,,14 16 40 47 58,,,,4.0
2024-01-11,Cash4Life,,24 25 27 32 52,,,,3.0
2024-01-12,Cash4Life,,29 43 51 56 57,,,,3.0
2024-01-13,Cash4Life,,13 31 33 51 58,,,,15.0
2024-01-14,Cash4Life,,03 16 27 28 44,,,,1.0
2024-01-15,Cash4Life,,17 28 30 37 48,,,,3.0
2024-01-16,Cash4Life,,10 11 26 30 45,,,,1.0
2024-01-17,Cash4Life,,18 22 43 61 65,,,,2.0
2024-01-18,Cash4Life,,02 03 04 25 57,,,,3.0
2024-01-19,Cash4Life,,30 35 42 47 50,,,,4.0
2024-01-20,Cash4Life,,08 34 36 51 52,,,,2.0
2024-01-21,Cash4Life,,12 26 34 51 55,,,,3.0
2024-01-22,Cash4Life,,24 25 43 52 63,,,,21.0
2024-01-23,Cash4Life,,21 28 58 69 70,,,,20.0
2024-01-24,Cash4Life,,01 09 22 27 50,,,,1.0
2024-01-25,Cash4Life,,09 28 55 58 59,,,,4.0
2024-01-26,Cash4Life,Eve,14 1 26 1 6,3.0,,,
2024-01-27,Cash4Life,,07 38 65 66 68,,,,21.0
2024-01-28,Cash4Life,,06 15 29 35 36,,,,3.0
2024-01-29,Cash4Life,,12 42 43 45 53,,,,3.0
2024-01-30,Cash4Life,,04 28 35 47 57,,,,4.0
2024-01-31,Cash4Life,,05 13 51 52 59,,,,4.0
2024-02-01,Cash4Life,Eve,2 1 3 1 4,1.0,,,
2024-02-02,Cash4Life,,19 31 34 38 41,,,,1.0
2024-02-03,Cash4Life,,09 11 27 59 66,,,,19.0
2024-02-04,Cash4Life,,30 32 37 47 59,,,,4.0
2024-02-05,Cash4Life,,19 31 39 45 54,,,,4.0
2024-02-06,Cash4Life,,02 03 13 22 23,,,,4.0
2024-02-07,Cash4Life,,38 40 45 47 57,,,,3.0
2024-02-08,Cash4Life,,05 10 25 38 57,,,,4.0
2024-02-09,Cash4Life,,17 22 29 46 69,,,,1.0
2024-02-10,Cash4Life,,08 23 34 39 55,,,,3.0
2024-02-11,Cash4Life,,01 21 38 39 59,,,,4.0
2024-02-12,Cash4Life,,05 16 26 32 39,,,,1.0
2024-02-13,Cash4Life,,03 07 21 41 49,,,,1.0
2024-02-14,Cash4Life,,13 18 41 44 51,,,,3.0
2024-02-15,Cash4Life,,15 30 37 39 59,,,,2.0
2024-02-16,Cash4Life,,02 28 41 45 59,,,,2.0
2024-02-17,Cash4Life,,05 38 44 48 55,,,,3.0
2024-02-18,Cash4Life,,07 22 28 42 45,,,,4.0
2024-02-19,Cash4Life,,04 23 45 50 53,,,,17.0
2024-02-20,Cash4Life,Eve,14 2 20 1 43,3.0,,,
2024-02-21,Cash4Life,,12 26 29 30 32,,,,1.0
2024-02-22,Cash4Life,,02 08 24 47 51,,,,4.0
2024-02-23,Cash4Life,,09 36 41 46 47,,,,2.0
2024-02-24,Cash4Life,,03 08 40 53 58,,,,3.0
2024-02-25,Cash4Life,,13 32 34 44 50,,,,3.0
2024-02-26,Cash4Life,,11 34 40 43 55,,,,2.0
2024-02-27,Cash4Life,,03 17 27 53 59,,,,2.0
2024-02-28,Cash4Life,,16 26 29 38 50,,,,6.0
2024-02-29,Cash4Life,,06 07 21 26 57,,,,2.0
2024-03-01,Cash4Life,Eve,3 1 4 1 5,1.0,,,
2024-03-02,Cash4Life,,05 21 33 44 56,,,,3.0
2024-03-03,Cash4Life,,38 39 46 48 52,,,,4.0
2024-03-04,Cash4Life,,13 36 41 49 55,,,,1.0
2024-03-05,Cash4Life,,02 49 50 61 70,,,,14.0
2024-03-06,Cash4Life,,06 19 28 44 60,,,,10.0
2024-03-07,Cash4Life,,31 34 40 51 60,,,,1.0
2024-03-08,Cash4Life,,16 37 42 49 51,,,,2.0
2024-03-09,Cash4Life,,01 06 23 37 56,,,,3.0
2024-03-10,Cash4Life,,05 13 17 42 43,,,,4.0
2024-03-11,Cash4Life,,01 03 07 16 66,,,,5.0
2024-03-12,Cash4Life,,02 16 31 57 64,,,,24.0
2024-03-13,Cash4Life,,21 29 54 59 62,,,,4.0
2024-03-14,Cash4Life,,07 12 14 50 52,,,,3.0
2024-03-15,Cash4Life,,13 25 50 51 66,,,,6.0
2024-03-16,Cash4Life,,12 23 44 57 61,,,,5.0
2024-03-17,Cash4Life,,16 51 52 55 56,,,,1.0
2024-03-18,Cash4Life,,10 17 20 39 44,,,,16.0
2024-03-19,Cash4Life,,24 46 49 62 66,,,,7.0
2024-03-20,Cash4Life,,13 22 27 54 66,,,,9.0
2024-03-21,Cash4Life,,08 11 25 49 56,,,,4.0
2024-03-22,Cash4Life,,03 11 21 38 42,,,,2.0
2024-03-23,Cash4Life,,33 39 43 51 59,,,,4.0
2024-03-24,Cash4Life,,14 15 23 53 54,,,,2.0
2024-03-25,Cash4Life,Eve,12 3 25 1 3,3.0,,,
2024-03-26,Cash4Life,,07 11 22 29 38,,,,4.0
2024-03-27,Cash4Life,,37 46 57 60 66,,,,8.0
2024-03-28,Cash4Life,,03 16 21 39 51,,,,2.0
2024-03-29,Cash4Life,,10 12 13 50 56,,,,3.0
2024-03-30,Cash4Life,,12 13 33 50 52,,,,23.0
2024-03-31,Cash4Life,,25 38 44 55 57,,,,4.0
2024-04-01,Cash4Life,Eve,4 1 5 1 6,1.0,,,
2024-04-02,Cash4Life,,10 50 56 60 66,,,,19.0
2024-04-03,Cash4Life,Eve,33 4 3 1 56,3.0,,,
2024-04-04,Cash4Life,,23 26 28 30 36,,,,3.0
2024-04-05,Cash4Life,,20 30 54 63 65,,,,14.0
2024-04-06,Cash4Life,,17 23 31 46 48,,,,1.0
2024-04-07,Cash4Life,,03 16 40 45 56,,,,4.0
2024-04-08,Cash4Life,,06 10 18 50 52,,,,2.0
2024-04-09,Cash4Life,,34 43 51 52 69,,,,25.0
2024-04-10,Cash4Life,,17 24 39 40 41,,,,1.0
2024-04-11,Cash4Life,,06 23 32 33 59,,,,4.0
2024-04-12,Cash4Life,,12 31 49 54 56,,,,3.0
2024-04-13,Cash4Life,,07 33 40 43 69,,,,10.0
2024-04-14,Cash4Life,,16 28 33 54 55,,,,1.0
2024-04-15,Cash4Life,,29 32 35 43 44,,,,2.0
2024-04-16,Cash4Life,,06 07 37 44 54,,,,2.0
2024-04-17,Cash4Life,,24 29 44 47 54,,,,2.0
2024-04-18,Cash4Life,,05 36 38 45 59,,,,1.0
2024-04-19,Cash4Life,Eve,4 19 3 27 11,1.0,,,
2024-04-20,Cash4Life,,01 27 35 55 58,,,,1.0
2024-04-21,Cash4Life,,02 08 46 53 55,,,,2.0
2024-04-22,Cash4Life,,06 16 45 49 54,,,,2.0
2024-04-23,Cash4Life,,19 23 30 44 50,,,,1.0
2024-04-24,Cash4Life,,02 20 22 26 47,,,,21.0
2024-04-25,Cash4Life,,03 07 39 49 58,,,,1.0
2024-04-26,Cash4Life,,13 15 23 28 33,,,,4.0
2024-04-27,Cash4Life,,05 07 28 44 52,,,,1.0
2024-04-28,Cash4Life,,02 21 32 49 52,,,,2.0
2024-04-29,Cash4Life,,13 26 35 46 50,,,,1.0
2024-04-30,Cash4Life,,05 23 26 29 33,,,,3.0
2024-05-01,Cash4Life,Eve,5 1 6 1 7,1.0,,,
2024-05-02,Cash4Life,Eve,5 2 5 6 7,1.0,,,
2024-05-03,Cash4Life,,06 13 15 53 56,,,,11.0
2024-05-04,Cash4Life,,05 10 23 26 35,,,,4.0
2024-05-05,Cash4Life,,03 15 37 40 52,,,,1.0
2024-05-06,Cash4Life,,11 37 48 50 57,,,,4.0
2024-05-07,Cash4Life,,26 28 36 63 66,,,,15.0
2024-05-08,Cash4Life,Eve,5 8 2 5 8,1.0,,,
2024-05-09,Cash4Life,,12 15 24 36 50,,,,2.0
2024-05-10,Cash4Life,Eve,40 5 10 1 3,2.0,,,
2024-05-11,Cash4Life,,03 06 39 49 67,,,,21.0
2024-05-12,Cash4Life,,02 07 38 39 57,,,,4.0
2024-05-13,Cash4Life,Eve,5 13 5 15 32,2.0,,,
2024-05-14,Cash4Life,,21 24 25 27 34,,,,2.0
2024-05-15,Cash4Life,,08 14 25 36 58,,,,1.0
2024-05-16,Cash4Life,Eve,5 16 5 20 29,2.0,,,
2024-05-17,Cash4Life,Eve,40 5 17 1 49,3.0,,,
2024-05-18,Cash4Life,,01 11 27 39 54,,,,3.0
2024-05-19,Cash4Life,,05 09 13 52 57,,,,3.0
2024-05-20,Cash4Life,,01 07 48 64 68,,,,5.0
2024-05-21,Cash4Life,,02 05 08 28 69,,,,14.0
2024-05-22,Cash4Life,,07 13 19 22 40,,,,2.0
2024-05-23,Cash4Life,,10 14 30 37 56,,,,1.0
2024-05-24,Cash4Life,,01 04 08 28 44,,,,1.0
2024-05-25,Cash4Life,,16 17 34 38 42,,,,4.0
2024-05-26,Cash4Life,,03 15 24 26 50,,,,3.0
2024-05-27,Cash4Life,,02 14 16 22 56,,,,4.0
2024-05-28,Cash4Life,Eve,5 28 5 29 60,2.0,,,
2024-05-29,Cash4Life,,17 34 56 60 61,,,,9.0
2024-05-30,Cash4Life,,12 26 36 46 56,,,,2.0
2024-05-31,Cash4Life,,04 11 23 33 49,,,,23.0
2024-06-01,Cash4Life,Eve,6 1 7 1 8,1.0,,,
2024-06-02,Cash4Life,,09 23 25 38 56,,,,2.0
2024-06-03,Cash4Life,,19 29 35 36 45,,,,16.0
2024-06-04,Cash4Life,Eve,6 4 6 4 4,4.0,,,
2024-06-05,Cash4Life,,08 44 45 51 69,,,,12.0
2024-06-06,Cash4Life,,03 08 15 38 41,,,,1.0
2024-06-07,Cash4Life,,25 43 44 57 60,,,,2.0
2024-06-08,Cash4Life,,06 33 41 52 60,,,,4.0
2024-06-09,Cash4Life,,35 39 41 50 53,,,,1.0
2024-06-10,Cash4Life,,06 29 38 41 48,,,,2.0
2024-06-11,Cash4Life,,03 12 30 41 45,,,,1.0
2024-06-12,Cash4Life,,08 11 27 49 60,,,,1.0
2024-06-13,Cash4Life,,01 23 34 35 36,,,,1.0
2024-06-14,Cash4Life,,02 14 17 40 60,,,,2.0
2024-06-15,Cash4Life,,02 31 32 36 45,,,,3.0
2024-06-16,Cash4Life,,33 38 41 43 57,,,,3.0
2024-06-17,Cash4Life,,30 48 53 58 66,,,,9.0
2024-06-18,Cash4Life,,06 10 12 19 36,,,,4.0
2024-06-19,Cash4Life,,04 11 23 43 45,,,,1.0
2024-06-20,Cash4Life,,13 15 30 54 57,,,,2.0
2024-06-21,Cash4Life,,05 07 09 35 58,,,,1.0
2024-06-22,Cash4Life,,01 08 12 34 55,,,,4.0
2024-06-23,Cash4Life,,09 16 27 37 57,,,,2.0
2024-06-24,Cash4Life,,02 13 22 56 60,,,,2.0
2024-06-25,Cash4Life,,04 08 16 48 57,,,,1.0
2024-06-26,Cash4Life,,39 44 46 51 58,,,,1.0
2024-06-27,Cash4Life,,04 15 17 34 35,,,,4.0
2024-06-28,Cash4Life,,28 31 33 42 66,,,,24.0
2024-06-29,Cash4Life,,13 20 27 39 60,,,,3.0
2024-06-30,Cash4Life,,24 36 37 38 52,,,,4.0
2024-07-01,Cash4Life,Eve,7 1 8 1 9,1.0,,,
2024-07-02,Cash4Life,,02 16 18 32 48,,,,3.0
2024-07-03,Cash4Life,,08 10 31 34 40,,,,3.0
2024-07-04,Cash4Life,,09 30 35 37 50,,,,1.0
2024-07-05,Cash4Life,,06 23 24 53 57,,,,3.0
2024-07-06,Cash4Life,,12 25 38 43 59,,,,1.0
2024-07-07,Cash4Life,,03 09 30 47 49,,,,1.0
2024-07-08,Cash4Life,,20 22 31 33 45,,,,1.0
2024-07-09,Cash4Life,,03 17 32 52 58,,,,3.0
2024-07-10,Cash4Life,,10 19 38 48 59,,,,4.0
2024-07-11,Cash4Life,,05 14 31 42 52,,,,2.0
2024-07-12,Cash4Life,,03 06 13 21 58,,,,2.0
2024-07-13,Cash4Life,,09 55 59 66 69,,,,21.0
2024-07-14,Cash4Life,,13 19 21 25 26,,,,3.0
2024-07-15,Cash4Life,,09 31 39 40 45,,,,23.0
2024-07-16,Cash4Life,,03 14 29 51 53,,,,3.0
2024-07-17,Cash4Life,,24 27 32 47 66,,,,26.0
2024-07-18,Cash4Life,,01 11 16 31 44,,,,2.0
2024-07-19,Cash4Life,,33 47 57 59 60,,,,2.0
2024-07-20,Cash4Life,,18 25 31 40 57,,,,4.0
2024-07-21,Cash4Life,,15 24 28 33 36,,,,4.0
2024-07-22,Cash4Life,,31 36 56 58 69,,,,20.0
2024-07-23,Cash4Life,,03 09 14 26 51,,,,21.0
2024-07-24,Cash4Life,,16 42 59 63 68,,,,13.0
2024-07-25,Cash4Life,,11 12 29 52 60,,,,3.0
2024-07-26,Cash4Life,,02 25 33 56 59,,,,1.0
2024-07-27,Cash4Life,,03 31 37 40 64,,,,17.0
2024-07-28,Cash4Life,,23 42 43 49 56,,,,2.0
2024-07-29,Cash4Life,,11 27 30 33 44,,,,16.0
2024-07-30,Cash4Life,,19 23 30 33 50,,,,25.0
2024-07-31,Cash4Life,,25 27 49 52 54,,,,2.0
2024-08-01,Cash4Life,Eve,8 1 9 1 10,1.0,,,
2024-08-02,Cash4Life,,06 07 24 44 54,,,,13.0
2024-08-03,Cash4Life,,25 35 36 41 59,,,,2.0
2024-08-04,Cash4Life,,01 14 41 44 45,,,,3.0
2024-08-05,Cash4Life,,29 42 44 51 54,,,,12.0
2024-08-06,Cash4Life,,01 05 36 38 57,,,,3.0
2024-08-07,Cash4Life,,18 24 37 50 56,,,,1.0
2024-08-08,Cash4Life,,03 06 17 28 58,,,,3.0
2024-08-09,Cash4Life,,12 32 38 40 57,,,,21.0
2024-08-10,Cash4Life,,08 13 20 25 39,,,,2.0
2024-08-11,Cash4Life,,07 11 40 45 46,,,,2.0
2024-08-12,Cash4Life,,02 05 19 35 55,,,,4.0
2024-08-13,Cash4Life,,18 25 33 36 56,,,,1.0
2024-08-14,Cash4Life,,03 10 12 40 54,,,,2.0
2024-08-15,Cash4Life,,04 20 49 57 60,,,,4.0
2024-08-16,Cash4Life,,22 38 48 51 61,,,,5.0
2024-08-17,Cash4Life,,07 11 22 28 30,,,,1.0
2024-08-18,Cash4Life,,08 09 21 44 53,,,,4.0
2024-08-19,Cash4Life,,01 02 15 23 28,,,,10.0
2024-08-20,Cash4Life,,09 18 32 37 46,,,,4.0
2024-08-21,Cash4Life,,04 06 19 40 50,,,,3.0
2024-08-22,Cash4Life,,21 28 30 40 53,,,,1.0
2024-08-23,Cash4Life,,28 30 44 66 69,,,,2.0
2024-08-24,Cash4Life,,01 10 37 45 49,,,,2.0
2024-08-25,Cash4Life,,04 16 29 35 55,,,,4.0
2024-08-26,Cash4Life,,08 15 20 40 41,,,,2.0
2024-08-27,Cash4Life,,16 18 21 54 65,,,,5.0
2024-08-28,Cash4Life,,05 33 47 50 64,,,,20.0
2024-08-29,Cash4Life,,05 20 33 40 48,,,,3.0
2024-08-30,Cash4Life,,10 12 14 28 29,,,,3.0
2024-08-31,Cash4Life,,04 34 35 38 69,,,,19.0
2024-09-01,Cash4Life,Eve,9 1 10 1 11,1.0,,,
2024-09-02,Cash4Life,,05 28 29 47 50,,,,1.0
2024-09-03,Cash4Life,,12 41 43 52 55,,,,9.0
2024-09-04,Cash4Life,,07 10 21 33 59,,,,20.0
2024-09-05,Cash4Life,,02 22 31 48 56,,,,1.0
2024-09-06,Cash4Life,,05 27 33 49 56,,,,3.0
2024-09-07,Cash4Life,,02 12 19 25 56,,,,3.0
2024-09-09,Cash4Life,,01 16 21 47 60,,,,5.0
2024-09-10,Cash4Life,,01 02 16 24 66,,,,6.0
2024-09-11,Cash4Life,,10 12 55 65 67,,,,3.0
2024-09-13,Cash4Life,,21 55 56 57 66,,,,1.0
2024-09-14,Cash4Life,,29 34 38 48 56,,,,16.0
2024-09-16,Cash4Life,,08 09 11 27 31,,,,17.0
2024-09-17,Cash4Life,,14 31 48 57 64,,,,9.0
2024-09-18,Cash4Life,,01 11 22 47 68,,,,7.0
2024-09-20,Cash4Life,,20 21 40 49 55,,,,11.0
2024-09-21,Cash4Life,,17 19 21 37 45,,,,14.0
2024-09-23,Cash4Life,,15 21 25 37 45,,,,19.0
2024-09-24,Cash4Life,,01 06 10 23 27,,,,18.0
2024-09-25,Cash4Life,,02 26 45 46 52,,,,21.0
2024-09-27,Cash4Life,,29 46 53 69 70,,,,23.0
2024-09-28,Cash4Life,,03 11 13 24 39,,,,22.0
2024-09-29,Cash4Life,,01 05 08 16 34,,,,2.0
2024-09-30,Cash4Life,,14 16 44 46 52,,,,4.0
2024-10-01,Cash4Life,Eve,10 1 11 1 12,1.0,,,
2024-10-02,Cash4Life,,03 12 13 37 60,,,,1.0
2024-10-03,Cash4Life,,01 05 26 30 46,,,,1.0
2024-10-04,Cash4Life,,21 39 42 43 45,,,,3.0
2024-10-05,Cash4Life,,20 27 28 35 38,,,,2.0
2024-10-06,Cash4Life,,23 26 31 46 57,,,,4.0
2024-10-07,Cash4Life,,18 30 31 52 63,,,,22.0
2024-10-08,Cash4Life,,03 19 20 22 66,,,,9.0
2024-10-09,Cash4Life,,07 12 21 44 47,,,,3.0
2024-10-10,Cash4Life,,05 07 12 34 60,,,,3.0
2024-10-11,Cash4Life,,03 10 29 52 57,,,,20.0
2024-10-12,Cash4Life,,05 14 20 41 57,,,,6.0
2024-10-13,Cash4Life,,14 38 48 50 60,,,,1.0
2024-10-14,Cash4Life,,09 32 44 48 50,,,,4.0
2024-10-15,Cash4Life,,22 34 44 54 62,,,,3.0
2024-10-16,Cash4Life,,02 37 38 39 42,,,,1.0
2024-10-17,Cash4Life,,17 20 34 40 46,,,,2.0
2024-10-18,Cash4Life,,04 09 26 39 58,,,,23.0
2024-10-19,Cash4Life,,07 09 17 23 49,,,,4.0
2024-10-20,Cash4Life,,06 18 40 51 60,,,,3.0
2024-10-21,Cash4Life,,01 25 57 62 64,,,,15.0
2024-10-22,Cash4Life,,08 43 48 58 60,,,,4.0
2024-10-23,Cash4Life,,32 33 37 54 59,,,,2.0
2024-10-24,Cash4Life,,08 12 33 47 51,,,,3.0
2024-10-25,Cash4Life,,23 26 35 41 43,,,,7.0
2024-10-26,Cash4Life,,31 36 45 52 54,,,,2.0
2024-10-27,Cash4Life,,01 04 15 29 56,,,,3.0
2024-10-28,Cash4Life,,21 27 32 48 67,,,,17.0
2024-10-29,Cash4Life,,12 23 24 31 44,,,,2.0
2024-10-30,Cash4Life,,09 16 38 42 55,,,,3.0
2024-10-31,Cash4Life,,24 33 47 50 51,,,,1.0
2024-11-01,Cash4Life,Eve,11 1 12 1 1,1.0,,,
2024-11-02,Cash4Life,,10 45 48 58 61,,,,2.0
2024-11-03,Cash4Life,,09 13 14 36 57,,,,2.0
2024-11-04,Cash4Life,,06 18 33 48 53,,,,21.0
2024-11-05,Cash4Life,,02 24 25 52 58,,,,9.0
2024-11-06,Cash4Life,,12 17 37 58 62,,,,4.0
2024-11-07,Cash4Life,,01 19 31 51 60,,,,4.0
2024-11-08,Cash4Life,,25 28 42 64 69,,,,19.0
2024-11-09,Cash4Life,,39 45 50 56 58,,,,1.0
2024-11-10,Cash4Life,,08 10 31 37 55,,,,3.0
2024-11-11,Cash4Life,,11 28 49 52 53,,,,4.0
2024-11-12,Cash4Life,,18 31 33 64 68,,,,17.0
2024-11-13,Cash4Life,,09 20 26 43 58,,,,9.0
2024-11-14,Cash4Life,,07 11 35 50 51,,,,4.0
2024-11-15,Cash4Life,,05 17 35 55 69,,,,19.0
2024-11-16,Cash4Life,,21 22 25 32 38,,,,16.0
2024-11-17,Cash4Life,,10 17 30 37 47,,,,1.0
2024-11-18,Cash4Life,,02 15 28 29 40,,,,1.0
2024-11-19,Cash4Life,,21 23 30 33 47,,,,4.0
2024-11-20,Cash4Life,,16 30 60 62 64,,,,25.0
2024-11-21,Cash4Life,,30 35 47 50 57,,,,1.0
2024-11-22,Cash4Life,,13 20 26 32 65,,,,2.0
2024-11-23,Cash4Life,,15 24 44 54 55,,,,3.0
2024-11-24,Cash4Life,,02 12 26 42 58,,,,3.0
2024-11-25,Cash4Life,,01 08 15 31 59,,,,1.0
2024-11-26,Cash4Life,,04 11 13 30 39,,,,2.0
2024-11-27,Cash4Life,,17 21 25 31 47,,,,4.0
2024-11-28,Cash4Life,,08 23 33 35 60,,,,1.0
2024-11-29,Cash4Life,,03 29 34 37 38,,,,17.0
2024-11-30,Cash4Life,,04 24 29 39 63,,,,25.0
2024-12-01,Cash4Life,Eve,12 1 1 1 2,1.0,,,
2024-12-02,Cash4Life,,18 30 40 44 48,,,,4.0
2024-12-03,Cash4Life,,19 24 32 34 41,,,,1.0
2024-12-04,Cash4Life,,01 23 25 28 61,,,,13.0
2024-12-05,Cash4Life,,05 19 20 29 45,,,,4.0
2024-12-06,Cash4Life,,16 21 33 39 45,,,,24.0
2024-12-07,Cash4Life,,06 08 34 45 54,,,,4.0
2024-12-08,Cash4Life,,04 07 18 34 58,,,,2.0
2024-12-09,Cash4Life,,35 37 40 45 51,,,,24.0
2024-12-10,Cash4Life,,12 14 26 48 52,,,,21.0
2024-12-11,Cash4Life,,13 44 50 52 54,,,,20.0
2024-12-12,Cash4Life,,01 02 40 50 55,,,,4.0
2024-12-13,Cash4Life,,05 13 41 49 51,,,,1.0
2024-12-14,Cash4Life,,12 17 23 52 67,,,,1.0
2024-12-15,Cash4Life,,01 18 22 29 39,,,,1.0
2024-12-16,Cash4Life,,09 30 33 57 61,,,,17.0
2024-12-17,Cash4Life,,04 06 17 43 47,,,,4.0
2024-12-18,Cash4Life,,02 24 54 55 56,,,,3.0
2024-12-19,Cash4Life,,25 30 45 51 58,,,,2.0
2024-12-20,Cash4Life,,11 37 40 45 59,,,,1.0
2024-12-21,Cash4Life,,12 16 21 35 43,,,,2.0
2024-12-22,Cash4Life,,10 12 30 41 49,,,,2.0
2024-12-23,Cash4Life,,22 42 44 57 64,,,,18.0
2024-12-24,Cash4Life,,07 23 25 46 57,,,,3.0
2024-12-25,Cash4Life,,11 17 26 52 53,,,,4.0
2024-12-26,Cash4Life,,23 30 33 42 49,,,,2.0
2024-12-27,Cash4Life,,03 07 37 49 55,,,,6.0
2024-12-28,Cash4Life,,05 17 27 28 41,,,,1.0
2024-12-29,Cash4Life,,03 13 28 42 48,,,,4.0
2024-12-30,Cash4Life,,10 24 26 34 35,,,,4.0
2024-12-31,Cash4Life,,13 22 27 29 35,,,,1.0
2025-01-01,Cash4Life,Eve,1 1 4 2 5,2.0,,,
2025-01-02,Cash4Life,,08 27 30 36 47,,,,4.0
2025-01-03,Cash4Life,,12 25 28 47 55,,,,1.0
2025-01-04,Cash4Life,,26 32 43 54 56,,,,24.0
2025-01-05,Cash4Life,,02 06 17 46 57,,,,2.0
2025-01-06,Cash4Life,,14 15 16 22 59,,,,2.0
2025-01-07,Cash4Life,,20 24 33 39 48,,,,18.0
2025-01-08,Cash4Life,,03 04 10 36 56,,,,4.0
2025-01-09,Cash4Life,,03 06 18 30 40,,,,2.0
2025-01-10,Cash4Life,,09 23 39 65 66,,,,22.0
2025-01-11,Cash4Life,,18 23 27 28 60,,,,4.0
2025-01-12,Cash4Life,,02 35 43 55 59,,,,4.0
2025-01-13,Cash4Life,,03 07 10 22 49,,,,2.0
2025-01-14,Cash4Life,,04 14 35 49 62,,,,6.0
2025-01-15,Cash4Life,,08 41 52 53 58,,,,7.0
2025-01-16,Cash4Life,,15 22 38 44 58,,,,1.0
2025-01-17,Cash4Life,,13 14 24 26 57,,,,1.0
2025-01-18,Cash4Life,,14 31 35 64 69,,,,23.0
2025-01-19,Cash4Life,,35 48 53 54 59,,,,2.0
2025-01-20,Cash4Life,,15 16 32 47 54,,,,6.0
2025-01-21,Cash4Life,,08 17 27 54 57,,,,1.0
2025-01-22,Cash4Life,,04 07 20 45 56,,,,1.0
2025-01-23,Cash4Life,,09 30 40 42 57,,,,3.0
2025-01-24,Cash4Life,,18 22 31 33 40,,,,3.0
2025-01-25,Cash4Life,Eve,1 25 3 2 6,1.0,,,
2025-01-26,Cash4Life,Eve,1 26 2 2 5,2.0,,,
2025-01-27,Cash4Life,Eve,1 27 7 9 3,1.0,,,
2025-01-28,Cash4Life,Eve,1 28 6 7 1,1.0,,,
2025-01-29,Cash4Life,Eve,1 29 9 2 1,1.0,,,
2025-01-30,Cash4Life,Eve,1 30 8 9 2,1.0,,,
2025-01-31,Cash4Life,Eve,1 31 5 2 7,2.0,,,
2025-02-01,Cash4Life,Eve,2 1 3 1 4,1.0,,,
2025-02-02,Cash4Life,,06 29 33 49 52,,,,2.0
2025-02-03,Cash4Life,,08 09 15 25 46,,,,1.0
2025-02-04,Cash4Life,,16 19 22 26 35,,,,4.0
2025-02-05,Cash4Life,,19 27 30 50 62,,,,14.0
2025-02-06,Cash4Life,,22 30 38 47 58,,,,4.0
2025-02-07,Cash4Life,,10 22 23 31 39,,,,2.0
2025-02-08,Cash4Life,,23 44 57 60 62,,,,9.0
2025-02-09,Cash4Life,,18 19 27 51 53,,,,1.0
2025-02-10,Cash4Life,,02 17 18 29 43,,,,3.0
2025-02-11,Cash4Life,Eve,2 11 8 20 24,1.0,,,
2025-02-12,Cash4Life,,20 24 34 49 58,,,,1.0
2025-02-13,Cash4Life,,25 54 57 58 59,,,,1.0
2025-02-14,Cash4Life,,08 34 48 52 58,,,,2.0
2025-02-15,Cash4Life,,08 31 34 41 52,,,,4.0
2025-02-16,Cash4Life,,04 22 24 39 46,,,,2.0
2025-02-17,Cash4Life,,04 44 47 52 57,,,,9.0
2025-02-18,Cash4Life,,15 17 25 44 45,,,,1.0
2025-02-19,Cash4Life,,06 21 28 49 60,,,,20.0
2025-02-20,Cash4Life,,06 18 20 36 56,,,,2.0
2025-02-21,Cash4Life,,20 24 36 45 53,,,,3.0
2025-02-22,Cash4Life,,04 29 39 40 45,,,,2.0
2025-02-23,Cash4Life,,01 07 11 30 37,,,,3.0
2025-02-24,Cash4Life,,15 36 47 52 56,,,,2.0
2025-02-25,Cash4Life,,25 34 46 57 59,,,,2.0
2025-02-26,Cash4Life,,21 33 41 50 55,,,,1.0
2025-02-27,Cash4Life,,22 34 40 54 59,,,,1.0
2025-02-28,Cash4Life,,02 15 23 44 54,,,,1.0
2025-03-01,Cash4Life,Eve,3 1 4 1 5,1.0,,,
2025-03-02,Cash4Life,,19 35 43 45 46,,,,3.0
2025-03-03,Cash4Life,,01 17 27 52 55,,,,1.0
2025-03-04,Cash4Life,,11 17 29 52 53,,,,3.0
2025-03-05,Cash4Life,,02 33 43 53 55,,,,2.0
2025-03-06,Cash4Life,,07 23 32 39 50,,,,3.0
2025-03-07,Cash4Life,,05 16 24 41 60,,,,1.0
2025-03-08,Cash4Life,,02 04 16 23 63,,,,13.0
2025-03-09,Cash4Life,,12 24 32 38 57,,,,2.0
2025-03-10,Cash4Life,,17 22 34 48 53,,,,4.0
2025-03-11,Cash4Life,,16 23 27 34 39,,,,2.0
2025-03-12,Cash4Life,,01 02 28 48 57,,,,4.0
2025-03-13,Cash4Life,,06 08 31 41 45,,,,2.0
2025-03-14,Cash4Life,,05 33 44 52 59,,,,1.0
2025-03-15,Cash4Life,,12 28 33 36 54,,,,5.0
2025-03-16,Cash4Life,,06 31 39 55 60,,,,1.0
2025-03-17,Cash4Life,,11 18 23 38 60,,,,9.0
2025-03-18,Cash4Life,,02 11 15 45 54,,,,3.0
2025-03-19,Cash4Life,,08 11 21 49 59,,,,15.0
2025-03-20,Cash4Life,,02 10 13 25 28,,,,2.0
2025-03-21,Cash4Life,,01 07 09 11 13,,,,3.0
2025-03-22,Cash4Life,,14 31 35 47 59,,,,2.0
2025-03-23,Cash4Life,,02 08 22 40 54,,,,2.0
2025-03-24,Cash4Life,,11 37 51 56 58,,,,4.0
2025-03-25,Cash4Life,,11 17 18 19 34,,,,1.0
2025-03-26,Cash4Life,,01 06 17 30 53,,,,4.0
2025-03-27,Cash4Life,,02 03 12 25 31,,,,4.0
2025-03-28,Cash4Life,,23 27 36 38 48,,,,4.0
2025-03-29,Cash4Life,,07 11 21 53 61,,,,2.0
2025-03-30,Cash4Life,,08 21 30 33 56,,,,2.0
2025-03-31,Cash4Life,,12 41 44 52 64,,,,25.0
2025-04-01,Cash4Life,Eve,4 1 5 1 6,1.0,,,
2025-04-02,Cash4Life,,05 17 41 64 69,,,,1.0
2025-04-03,Cash4Life,,20 24 38 47 52,,,,3.0
2025-04-04,Cash4Life,,06 22 35 37 48,,,,3.0
2025-04-05,Cash4Life,,04 23 30 46 62,,,,2.0
2025-04-06,Cash4Life,,01 02 29 41 58,,,,4.0
2025-04-07,Cash4Life,,20 23 48 59 66,,,,4.0
2025-04-08,Cash4Life,,01 03 05 16 44,,,,4.0
2025-04-09,Cash4Life,,04 29 37 55 67,,,,10.0
2025-04-10,Cash4Life,,05 24 31 49 58,,,,2.0
2025-04-11,Cash4Life,,12 15 22 24 28,,,,4.0
2025-04-12,Cash4Life,,10 17 32 50 53,,,,3.0
2025-04-13,Cash4Life,,19 22 23 40 43,,,,3.0
2025-04-14,Cash4Life,,03 20 30 52 62,,,,1.0
2025-04-15,Cash4Life,,16 17 31 58 59,,,,2.0
2025-04-16,Cash4Life,,03 21 28 42 57,,,,1.0
2025-04-17,Cash4Life,,09 18 29 36 54,,,,3.0
2025-04-18,Cash4Life,Eve,4 18 3 9 2,4.0,,,
2025-04-19,Cash4Life,Eve,4 19 8 40 34,4.0,,,
2025-04-20,Cash4Life,,08 19 24 32 50,,,,4.0
2025-04-21,Cash4Life,Eve,4 21 11 18 51,4.0,,,
2025-04-22,Cash4Life,,03 07 16 26 45,,,,2.0
2025-04-23,Cash4Life,,15 44 63 66 69,,,,20.0
2025-04-24,Cash4Life,,06 23 28 29 47,,,,3.0
2025-04-25,Cash4Life,,38 46 51 53 56,,,,2.0
2025-04-26,Cash4Life,,05 31 32 33 34,,,,2.0
2025-04-27,Cash4Life,,04 18 31 34 52,,,,4.0
2025-04-28,Cash4Life,,01 08 13 33 52,,,,4.0
2025-04-29,Cash4Life,,08 14 32 54 60,,,,1.0
2025-04-30,Cash4Life,,01 02 03 57 59,,,,9.0
2025-05-01,Cash4Life,Eve,5 1 2 6 1,2.0,,,
2025-05-02,Cash4Life,Eve,5 2 7 4 1,2.0,,,
2025-05-03,Cash4Life,Eve,5 3 7 3 8,1.0,,,
2025-05-04,Cash4Life,Eve,5 4 7 2 4,2.0,,,
2025-05-05,Cash4Life,Eve,5 5 8 6 2,2.0,,,
2025-05-06,Cash4Life,Eve,5 6 6 5 7,2.0,,,
2025-05-07,Cash4Life,Eve,5 7 3 1 4,1.0,,,
2025-05-08,Cash4Life,Eve,5 8 1 7 3,4.0,,,
2025-05-09,Cash4Life,Eve,5 9 7 9 2,1.0,,,
2025-05-10,Cash4Life,Eve,5 10 9 2 4,2.0,,,
2025-05-11,Cash4Life,Eve,5 11 6 1 6,1.0,,,
2025-05-12,Cash4Life,Eve,5 12 1 2 5,3.0,,,
2025-05-13,Cash4Life,Eve,5 13 7 4 5,1.0,,,
2025-05-14,Cash4Life,Eve,5 14 8 9 7,3.0,,,
2025-05-15,Cash4Life,Eve,5 15 3 1 6,3.0,,,
2025-05-16,Cash4Life,Eve,5 16 7 2 4,1.0,,,
2025-05-17,Cash4Life,Eve,5 17 7 5 17,2.0,,,
2025-05-18,Cash4Life,Eve,5 18 2 7 6,1.0,,,
2025-05-19,Cash4Life,Eve,5 19 6 1 1,2.0,,,
2025-05-20,Cash4Life,Eve,5 20 7 1 5,2.0,,,
2025-05-21,Cash4Life,,09 29 31 34 43,,,,2.0
2025-05-22,Cash4Life,Eve,5 22 5 9 9,1.0,,,
2025-05-23,Cash4Life,Eve,5 23 5 6 2,2.0,,,
2025-05-24,Cash4Life,Eve,5 24 4 9 5,1.0,,,
2025-05-25,Cash4Life,Eve,5 25 2 4 8,2.0,,,
2025-05-26,Cash4Life,Eve,5 26 7 9 8,2.0,,,
2025-05-27,Cash4Life,Eve,5 27 7 5 27,1.0,,,
2025-05-28,Cash4Life,Eve,5 28 3 4 7,1.0,,,
2025-05-29,Cash4Life,Eve,5 29 9 9 1,1.0,,,
2025-05-30,Cash4Life,Eve,5 30 3 6 8,1.0,,,
2025-05-31,Cash4Life,Eve,5 31 1 6 3,2.0,,,
2025-06-01,Cash4Life,Eve,6 1 7 1 8,1.0,,,
2025-06-02,Cash4Life,,01 07 44 57 61,,,,21.0
2025-06-03,Cash4Life,,05 19 31 37 55,,,,2.0
2025-06-04,Cash4Life,Eve,6 4 6 4 2,2.0,,,
2025-06-05,Cash4Life,,06 08 22 34 59,,,,2.0
2025-06-06,Cash4Life,,03 06 15 26 29,,,,4.0
2025-06-07,Cash4Life,,31 36 43 48 62,,,,25.0
2025-06-08,Cash4Life,,02 05 45 48 49,,,,2.0
2025-06-09,Cash4Life,,30 33 40 43 52,,,,25.0
2025-06-10,Cash4Life,,08 09 35 41 46,,,,2.0
2025-06-11,Cash4Life,,04 18 28 31 38,,,,1.0
2025-06-12,Cash4Life,,09 16 19 22 34,,,,1.0
2025-06-13,Cash4Life,,13 34 38 40 55,,,,3.0
2025-06-14,Cash4Life,,04 06 09 23 59,,,,25.0
2025-06-15,Cash4Life,,05 21 23 26 50,,,,4.0
2025-06-16,Cash4Life,,17 21 23 27 52,,,,19.0
2025-06-17,Cash4Life,,07 23 48 49 57,,,,1.0
2025-06-18,Cash4Life,,17 26 30 47 57,,,,4.0
2025-06-19,Cash4Life,,03 18 21 33 36,,,,1.0
2025-06-20,Cash4Life,,04 07 19 36 40,,,,3.0
2025-06-21,Cash4Life,,03 16 32 52 62,,,,24.0
2025-06-22,Cash4Life,,06 25 31 36 48,,,,4.0
2025-06-23,Cash4Life,,05 25 42 44 65,,,,20.0
2025-06-24,Cash4Life,,02 22 40 53 55,,,,2.0
2025-06-25,Cash4Life,,02 12 37 51 61,,,,22.0
2025-06-26,Cash4Life,,09 12 15 19 32,,,,1.0
2025-06-27,Cash4Life,,09 14 18 20 39,,,,2.0
2025-06-28,Cash4Life,,20 22 36 48 58,,,,1.0
2025-06-29,Cash4Life,,18 48 49 50 56,,,,4.0
2025-06-30,Cash4Life,,13 28 44 52 55,,,,6.0
2025-07-01,Cash4Life,Eve,7 1 8 1 9,1.0,,,
2025-07-02,Cash4Life,,06 19 20 22 57,,,,4.0
2025-07-03,Cash4Life,,07 41 45 51 59,,,,1.0
2025-07-04,Cash4Life,,04 05 07 11 22,,,,2.0
2025-07-05,Cash4Life,,01 28 34 50 58,,,,8.0
2025-07-06,Cash4Life,,15 17 33 55 57,,,,1.0
2025-07-07,Cash4Life,,33 35 58 61 69,,,,25.0
2025-07-08,Cash4Life,,02 11 13 14 57,,,,3.0
2025-07-09,Cash4Life,,05 09 25 28 69,,,,5.0
2025-07-10,Cash4Life,,03 08 17 30 32,,,,3.0
2025-07-11,Cash4Life,,07 11 15 56 59,,,,2.0
2025-07-12,Cash4Life,,08 16 24 33 54,,,,18.0
2025-07-13,Cash4Life,,01 13 21 30 31,,,,3.0
2025-07-14,Cash4Life,,04 10 22 40 60,,,,1.0
2025-07-15,Cash4Life,,01 18 35 36 41,,,,4.0
2025-07-16,Cash4Life,,03 41 51 54 57,,,,4.0
2025-07-17,Cash4Life,,08 20 23 42 59,,,,3.0
2025-07-18,Cash4Life,,01 10 20 23 47,,,,4.0
2025-07-19,Cash4Life,,28 48 51 61 69,,,,20.0
2025-07-20,Cash4Life,,04 22 25 29 49,,,,1.0
2025-07-21,Cash4Life,,04 09 34 55 59,,,,2.0
2025-07-22,Cash4Life,,01 04 17 36 58,,,,1.0
2025-07-23,Cash4Life,,15 22 44 46 60,,,,1.0
2025-07-24,Cash4Life,,01 12 14 20 37,,,,4.0
2025-07-25,Cash4Life,,05 15 36 40 60,,,,3.0
2025-07-26,Cash4Life,,08 31 57 65 67,,,,23.0
2025-07-27,Cash4Life,,01 04 08 29 45,,,,3.0
2025-07-28,Cash4Life,,09 14 47 48 55,,,,2.0
2025-07-29,Cash4Life,,11 12 17 49 54,,,,4.0
2025-07-30,Cash4Life,,04 15 35 50 64,,,,8.0
2025-07-31,Cash4Life,,02 07 35 38 44,,,,4.0
2025-08-01,Cash4Life,Eve,8 1 9 1 10,1.0,,,
2025-08-02,Cash4Life,,07 13 28 52 58,,,,1.0
2025-08-03,Cash4Life,,05 09 38 39 44,,,,3.0
2025-08-04,Cash4Life,,08 09 19 31 38,,,,21.0
2025-08-05,Cash4Life,,01 29 47 48 49,,,,4.0
2025-08-06,Cash4Life,,01 07 27 41 48,,,,1.0
2025-08-07,Cash4Life,,04 15 18 31 53,,,,4.0
2025-08-08,Cash4Life,,08 09 42 44 52,,,,2.0
2025-08-09,Cash4Life,,07 14 23 24 60,,,,14.0
2025-08-10,Cash4Life,,06 10 14 52 55,,,,4.0
2025-08-11,Cash4Life,,06 16 33 40 62,,,,2.0
2025-08-12,Cash4Life,,02 09 19 52 54,,,,3.0
2025-08-13,Cash4Life,,05 12 13 28 47,,,,1.0
2025-08-14,Cash4Life,,06 14 32 41 46,,,,3.0
2025-08-15,Cash4Life,,01 09 41 43 47,,,,2.0
2025-08-16,Cash4Life,,23 40 49 65 69,,,,23.0
2025-08-17,Cash4Life,,02 14 30 36 38,,,,2.0
2025-08-18,Cash4Life,,03 14 22 24 38,,,,2.0
2025-08-19,Cash4Life,,04 06 08 33 35,,,,2.0
2025-08-20,Cash4Life,,31 59 62 65 68,,,,5.0
2025-08-21,Cash4Life,,10 29 32 49 51,,,,3.0
2025-08-22,Cash4Life,,18 20 22 34 54,,,,1.0
2025-08-23,Cash4Life,,11 14 34 47 51,,,,18.0
2025-08-24,Cash4Life,,03 36 45 55 59,,,,1.0
2025-08-25,Cash4Life,Eve,8 25 2 1 8,3.0,,,
2025-08-26,Cash4Life,Eve,8 26 2 8 7,1.0,,,
2025-08-27,Cash4Life,Eve,8 27 1 7 6,1.0,,,
2025-08-28,Cash4Life,Eve,8 28 6 7 5,1.0,,,
2025-08-29,Cash4Life,Eve,8 29 8 3 4,1.0,,,
2025-08-30,Cash4Life,Eve,8 30 9 8 8,2.0,,,
2025-08-31,Cash4Life,Eve,8 31 6 1 5,2.0,,,
2025-09-01,Cash4Life,Eve,9 1 10 1 11,1.0,,,
2025-09-02,Cash4Life,,01 04 35 45 55,,,,3.0
2025-09-03,Cash4Life,,03 16 29 61 69,,,,22.0
2025-09-04,Cash4Life,,01 04 21 37 45,,,,2.0
2025-09-05,Cash4Life,,06 19 39 54 57,,,,2.0
2025-09-06,Cash4Life,,11 23 44 61 62,,,,17.0
2025-09-07,Cash4Life,,16 22 35 44 55,,,,3.0
2025-09-08,Cash4Life,,07 25 31 54 55,,,,3.0
2025-09-09,Cash4Life,,16 21 36 42 50,,,,2.0
2025-09-10,Cash4Life,,02 24 45 53 64,,,,5.0
2025-09-11,Cash4Life,,10 13 15 27 30,,,,2.0
2025-09-12,Cash4Life,,12 23 37 39 57,,,,4.0
2025-09-13,Cash4Life,,28 37 42 50 53,,,,19.0
2025-09-14,Cash4Life,,08 13 14 26 38,,,,2.0
2025-09-15,Cash4Life,,14 15 32 42 49,,,,1.0
2025-09-16,Cash4Life,,20 32 39 50 57,,,,1.0
2025-09-17,Cash4Life,,07 30 50 54 62,,,,20.0
2025-09-18,Cash4Life,,17 20 29 34 57,,,,1.0
2025-09-19,Cash4Life,,02 06 32 35 43,,,,4.0
2025-09-20,Cash4Life,,09 11 20 24 28,,,,2.0
2025-09-21,Cash4Life,,11 14 23 36 38,,,,2.0
2025-09-22,Cash4Life,,03 29 42 46 59,,,,15.0
2025-09-23,Cash4Life,,01 24 36 49 52,,,,1.0
2025-09-24,Cash4Life,,15 31 45 49 53,,,,19.0
2025-09-25,Cash4Life,,09 10 21 39 49,,,,4.0
2025-09-26,Cash4Life,,19 22 27 44 60,,,,1.0
2025-09-27,Cash4Life,,08 15 28 49 51,,,,3.0
2025-09-28,Cash4Life,,20 32 42 44 52,,,,4.0
2025-09-29,Cash4Life,,11 17 25 34 52,,,,2.0
2025-09-30,Cash4Life,,29 34 37 50 56,,,,1.0
2025-10-01,Cash4Life,Eve,10 1 11 1 12,1.0,,,
2025-10-02,Cash4Life,,40 43 49 54 60,,,,4.0
2025-10-03,Cash4Life,,08 15 25 33 56,,,,4.0
2025-10-04,Cash4Life,,09 50 55 57 59,,,,4.0
2025-10-05,Cash4Life,,11 19 42 58 59,,,,3.0
2025-10-06,Cash4Life,,28 29 32 66 67,,,,3.0
2025-10-07,Cash4Life,,15 31 38 45 50,,,,2.0
2025-10-08,Cash4Life,,08 10 44 48 54,,,,14.0
2025-10-09,Cash4Life,,05 06 10 28 53,,,,4.0
2025-10-10,Cash4Life,,07 12 34 44 55,,,,2.0
2025-10-11,Cash4Life,,22 29 37 44 48,,,,1.0
2025-10-12,Cash4Life,,12 15 20 30 59,,,,3.0
2025-10-13,Cash4Life,,10 25 34 38 54,,,,4.0
2025-10-14,Cash4Life,,25 32 42 47 57,,,,4.0
2025-10-15,Cash4Life,,10 13 28 34 47,,,,15.0
2025-10-16,Cash4Life,,12 29 47 48 58,,,,3.0
2025-10-17,Cash4Life,,02 15 34 37 52,,,,4.0
2025-10-18,Cash4Life,,03 11 27 40 58,,,,10.0
2025-10-19,Cash4Life,,01 10 24 47 58,,,,4.0
2025-10-20,Cash4Life,,16 24 27 33 47,,,,2.0
2025-10-21,Cash4Life,,05 10 30 45 53,,,,3.0
2025-10-22,Cash4Life,,04 32 44 47 54,,,,2.0
2025-10-23,Cash4Life,,38 43 45 47 59,,,,1.0
2025-10-24,Cash4Life,,05 36 44 55 59,,,,1.0
2025-10-25,Cash4Life,,05 06 12 19 60,,,,3.0
2025-10-26,Cash4Life,,12 37 44 56 58,,,,4.0
2025-10-27,Cash4Life,,02 11 23 33 47,,,,2.0
2025-10-28,Cash4Life,,13 18 31 34 47,,,,1.0
2025-10-29,Cash4Life,,04 24 49 60 65,,,,1.0
2025-10-30,Cash4Life,,01 09 22 42 49,,,,4.0
2025-10-31,Cash4Life,,12 19 30 36 51,,,,1.0
2025-11-01,Cash4Life,Eve,11 1 1 2 9,4.0,,,
2025-11-02,Cash4Life,Eve,11 2 2 8 2,3.0,,,
2025-11-03,Cash4Life,Eve,11 3 7 8 8,1.0,,,
2025-11-04,Cash4Life,Eve,11 4 2 2 6,1.0,,,
2025-11-05,Cash4Life,Eve,11 5 5 1 4,2.0,,,
2025-11-06,Cash4Life,,17 18 31 35 40,,,,3.0
2025-11-07,Cash4Life,Eve,11 7 8 1 1,3.0,,,
2025-11-08,Cash4Life,,03 53 60 62 68,,,,11.0
2025-11-09,Cash4Life,Eve,11 9 6 3 9,1.0,,,
2025-11-10,Cash4Life,Eve,11 10 2 3 9,2.0,,,
2025-11-11,Cash4Life,Eve,11 11 3 3 4,1.0,,,
2025-11-12,Cash4Life,Eve,11 12 5 8 3,1.0,,,
2025-11-13,Cash4Life,Eve,11 13 5 9 4,1.0,,,
2025-11-14,Cash4Life,Eve,11 14 8 1 7,1.0,,,
2025-11-15,Cash4Life,Eve,11 15 7 2 6,1.0,,,
2025-11-16,Cash4Life,Eve,11 16 5 2 8,1.0,,,
2025-11-17,Cash4Life,Eve,11 17 2 5 8,1.0,,,
2025-11-18,Cash4Life,Eve,11 18 8 1 6,2.0,,,
2025-11-19,Cash4Life,Eve,11 19 6 2 9,1.0,,,
2025-11-20,Cash4Life,Eve,11 20 9 3 2,2.0,,,
2025-11-21,Cash4Life,Eve,11 21 6 8 7,2.0,,,
2025-11-22,Cash4Life,Eve,11 22 7 6 6,1.0,,,
2025-11-23,Cash4Life,Eve,11 23 9 8 7,1.0,,,
2025-11-24,Cash4Life,Eve,11 24 5 1 9,1.0,,,
2025-11-25,Cash4Life,Eve,11 25 9 3 9,1.0,,,
2025-11-26,Cash4Life,Eve,11 26 2 7 7,1.0,,,
2025-11-27,Cash4Life,Eve,11 27 6 1 6,1.0,,,
2025-11-28,Cash4Life,Eve,11 28 7 5 8,1.0,,,
2025-11-29,Cash4Life,Eve,11 29 5 2 2,2.0,,,
2025-11-30,Cash4Life,Eve,11 30 5 1 1,3.0,,,
2025-12-01,Cash4Life,Eve,12 1 7 9 9,1.0,,,
2025-12-02,Cash4Life,Eve,12 2 6 4 6,1.0,,,
2025-12-03,Cash4Life,Eve,12 3 4 9 3,1.0,,,
2025-12-04,Cash4Life,Eve,12 4 7 2 4,1.0,,,
2025-12-05,Cash4Life,Eve,12 5 4 1 2,1.0,,,
2025-12-06,Cash4Life,Eve,12 6 7 2 9,1.0,,,
2025-12-07,Cash4Life,Eve,12 7 2 8 3,2.0,,,
2025-12-08,Cash4Life,Eve,12 8 7 12 8,4.0,,,
2025-12-09,Cash4Life,Eve,12 9 1 8 5,1.0,,,
2025-12-10,Cash4Life,Eve,12 10 7 3 5,2.0,,,
2025-12-11,Cash4Life,Eve,12 11 4 7 8,1.0,,,
2025-12-12,Cash4Life,Eve,12 12 2 8 4,2.0,,,
2025-12-13,Cash4Life,Eve,12 13 7 2 2,1.0,,,
2025-12-14,Cash4Life,,14 15 16 23 60,,,,1.0
2025-12-15,Cash4Life,Eve,12 15 6 7 9,3.0,,,
2025-12-16,Cash4Life,Eve,12 16 8 8 1,2.0,,,
2025-12-17,Cash4Life,Eve,12 17 2 2 4,1.0,,,
2025-12-18,Cash4Life,Eve,12 18 5 5 2,2.0,,,
2025-12-19,Cash4Life,Eve,12 19 5 3 7,2.0,,,
2025-12-20,Cash4Life,Eve,12 20 9 5 2,1.0,,,
2025-12-21,Cash4Life,Eve,12 21 7 6 2,1.0,,,
2025-12-22,Cash4Life,Eve,12 22 5 8 7,1.0,,,
2025-12-23,Cash4Life,Eve,12 23 9 2 6,1.0,,,
2025-12-24,Cash4Life,Eve,12 24 4 5 6,3.0,,,
2025-12-25,Cash4Life,Eve,12 25 3 2 8,3.0,,,
2025-12-26,Cash4Life,Eve,12 26 3 9 9,3.0,,,
2025-12-27,Cash4Life,Eve,12 27 8 8 8,1.0,,,
2025-12-28,Cash4Life,Eve,12 28 3 1 2,3.0,,,
2025-12-29,Cash4Life,Eve,12 29 8 7 1,1.0,,,
2025-12-30,Cash4Life,Eve,12 30 7 6 1,2.0,,,
2025-12-31,Cash4Life,Eve,12 31 6 8 9,2.0,,,
